RaceName,RaceYear,StageNumber,StageName,StageType,StageDate,RiderRank,RiderName,TeamName,UCIPoints,PCSPoints,UpdateTimeStamp
tour-of-guangxi,2025,1,Stage 1,Normal stage,14/10,1,Magnier PaulSoudal Quick-Step,Soudal Quick-Step,40,50,2025-10-26 18:10:41
tour-of-guangxi,2025,1,Stage 1,Normal stage,14/10,2,Kanter MaxXDS Astana Team,XDS Astana Team,25,30,2025-10-26 18:10:41
tour-of-guangxi,2025,1,Stage 1,Normal stage,14/10,3,Meeus JordiRed Bull - BORA - hansgrohe,Red Bull - BORA - hansgrohe,20,18,2025-10-26 18:10:41
tour-of-guangxi,2025,1,Stage 1,Normal stage,14/10,4,Pedersen Rasmus SøjbergDecathlon AG2R La Mondiale Team,Decathlon AG2R La Mondiale Team,15,13,2025-10-26 18:10:41
tour-of-guangxi,2025,1,Stage 1,Normal stage,14/10,5,Kogut OdedIsrael - Premier Tech,Israel - Premier Tech,10,10,2025-10-26 18:10:41
tour-of-guangxi,2025,1,Stage 1,Normal stage,14/10,6,Gaviria FernandoMovistar Team,Movistar Team,8,7,2025-10-26 18:10:41
tour-of-guangxi,2025,1,Stage 1,Normal stage,14/10,7,Aniołkowski StanisławCofidis,Cofidis,6,4,2025-10-26 18:10:41
tour-of-guangxi,2025,1,Stage 1,Normal stage,14/10,8,Pollefliet GianlucaDecathlon AG2R La Mondiale Team,Decathlon AG2R La Mondiale Team,3,3,2025-10-26 18:10:41
tour-of-guangxi,2025,1,Stage 1,Normal stage,14/10,9,Lozouet LéandreArkéa - B&B Hotels,Arkéa - B&B Hotels,2,2,2025-10-26 18:10:41
tour-of-guangxi,2025,1,Stage 1,Normal stage,14/10,10,Van Gestel DriesSoudal Quick-Step,Soudal Quick-Step,1,1,2025-10-26 18:10:41
tour-of-guangxi,2025,1,Stage 1,Normal stage,14/10,11,Einhorn ItamarIsrael - Premier Tech,Israel - Premier Tech,"","",2025-10-26 18:10:41
tour-of-guangxi,2025,1,Stage 1,Normal stage,14/10,12,Donaldson RobertTeam Jayco AlUla,Team Jayco AlUla,"","",2025-10-26 18:10:41
tour-of-guangxi,2025,1,Stage 1,Normal stage,14/10,13,Giddings JoshuaLotto,Lotto,"","",2025-10-26 18:10:41
tour-of-guangxi,2025,1,Stage 1,Normal stage,14/10,14,Paquot TomIntermarché - Wanty,Intermarché - Wanty,"","",2025-10-26 18:10:41
tour-of-guangxi,2025,1,Stage 1,Normal stage,14/10,15,Černý JosefSoudal Quick-Step,Soudal Quick-Step,"","",2025-10-26 18:10:41
tour-of-guangxi,2025,1,Stage 1,Normal stage,14/10,16,Doull OwainEF Education - EasyPost,EF Education - EasyPost,"","",2025-10-26 18:10:41
tour-of-guangxi,2025,1,Stage 1,Normal stage,14/10,17,Peters NansDecathlon AG2R La Mondiale Team,Decathlon AG2R La Mondiale Team,"","",2025-10-26 18:10:41
tour-of-guangxi,2025,1,Stage 1,Normal stage,14/10,18,Charmig AnthonXDS Astana Team,XDS Astana Team,"","",2025-10-26 18:10:41
tour-of-guangxi,2025,1,Stage 1,Normal stage,14/10,19,van den Berg MarijnEF Education - EasyPost,EF Education - EasyPost,"","",2025-10-26 18:10:41
tour-of-guangxi,2025,1,Stage 1,Normal stage,14/10,20,Nordhagen JørgenTeam Visma | Lease a Bike,Team Visma | Lease a Bike,"","",2025-10-26 18:10:41
tour-of-guangxi,2025,1,Stage 1,Normal stage,14/10,21,Norsgaard MathiasMovistar Team,Movistar Team,"","",2025-10-26 18:10:41
tour-of-guangxi,2025,1,Stage 1,Normal stage,14/10,22,Valgren MichaelEF Education - EasyPost,EF Education - EasyPost,"","",2025-10-26 18:10:41
tour-of-guangxi,2025,1,Stage 1,Normal stage,14/10,23,Hatherly AlanTeam Jayco AlUla,Team Jayco AlUla,"","",2025-10-26 18:10:41
tour-of-guangxi,2025,1,Stage 1,Normal stage,14/10,24,Cimolai DavideMovistar Team,Movistar Team,"","",2025-10-26 18:10:41
tour-of-guangxi,2025,1,Stage 1,Normal stage,14/10,25,Oliveira IvoUAE Team Emirates - XRG,UAE Team Emirates - XRG,"","",2025-10-26 18:10:41
tour-of-guangxi,2025,1,Stage 1,Normal stage,14/10,26,Großschartner FelixUAE Team Emirates - XRGfav_gc,UAE Team Emirates - XRG,"","",2025-10-26 18:10:41
tour-of-guangxi,2025,1,Stage 1,Normal stage,14/10,27,Zwiehoff BenRed Bull - BORA - hansgrohe,Red Bull - BORA - hansgrohe,"","",2025-10-26 18:10:41
tour-of-guangxi,2025,1,Stage 1,Normal stage,14/10,28,Maas JanCofidis,Cofidis,"","",2025-10-26 18:10:41
tour-of-guangxi,2025,1,Stage 1,Normal stage,14/10,29,Costiou EwenArkéa - B&B Hotelsfav_gc,Arkéa - B&B Hotels,"","",2025-10-26 18:10:41
tour-of-guangxi,2025,1,Stage 1,Normal stage,14/10,30,Le Berre Mathis Arkéa - B&B Hotels,Arkéa - B&B Hotels,"","",2025-10-26 18:10:41
tour-of-guangxi,2025,1,Stage 1,Normal stage,14/10,31,Pescador DiegoMovistar Team,Movistar Team,"","",2025-10-26 18:10:41
tour-of-guangxi,2025,1,Stage 1,Normal stage,14/10,32,Paasschens MathijsBahrain - Victorious,Bahrain - Victorious,"","",2025-10-26 18:10:41
tour-of-guangxi,2025,1,Stage 1,Normal stage,14/10,33,Graat TijmenTeam Visma | Lease a Bike,Team Visma | Lease a Bike,"","",2025-10-26 18:10:41
tour-of-guangxi,2025,1,Stage 1,Normal stage,14/10,34,Christen JanUAE Team Emirates - XRGfav_gc,UAE Team Emirates - XRG,"","",2025-10-26 18:10:41
tour-of-guangxi,2025,1,Stage 1,Normal stage,14/10,35,Uijtdebroeks CianTeam Visma | Lease a Bikefav_gc,Team Visma | Lease a Bike,"","",2025-10-26 18:10:41
tour-of-guangxi,2025,1,Stage 1,Normal stage,14/10,36,Rodríguez ÓscarINEOS Grenadiers,INEOS Grenadiers,"","",2025-10-26 18:10:41
tour-of-guangxi,2025,1,Stage 1,Normal stage,14/10,37,van Uden CasperTeam Picnic PostNL,Team Picnic PostNL,"","",2025-10-26 18:10:41
tour-of-guangxi,2025,1,Stage 1,Normal stage,14/10,38,Mezgec LukaTeam Jayco AlUla,Team Jayco AlUla,"","",2025-10-26 18:10:41
tour-of-guangxi,2025,1,Stage 1,Normal stage,14/10,39,Honoré Mikkel FrølichEF Education - EasyPost,EF Education - EasyPost,"","",2025-10-26 18:10:41
tour-of-guangxi,2025,1,Stage 1,Normal stage,14/10,40,Oomen SamLidl - Trek,Lidl - Trek,"","",2025-10-26 18:10:41
tour-of-guangxi,2025,1,Stage 1,Normal stage,14/10,41,Rochas RémyGroupama - FDJ,Groupama - FDJ,"","",2025-10-26 18:10:41
tour-of-guangxi,2025,1,Stage 1,Normal stage,14/10,42,Gibbons RyanLidl - Trek,Lidl - Trek,"","",2025-10-26 18:10:41
tour-of-guangxi,2025,1,Stage 1,Normal stage,14/10,43,Skerl DanielBahrain - Victorious,Bahrain - Victorious,"","",2025-10-26 18:10:41
tour-of-guangxi,2025,1,Stage 1,Normal stage,14/10,44,Mühlberger GregorMovistar Teamfav_gc,Movistar Team,"","",2025-10-26 18:10:41
tour-of-guangxi,2025,1,Stage 1,Normal stage,14/10,45,Hajek AlexanderRed Bull - BORA - hansgrohe,Red Bull - BORA - hansgrohe,"","",2025-10-26 18:10:41
tour-of-guangxi,2025,1,Stage 1,Normal stage,14/10,46,Busatto FrancescoIntermarché - Wanty,Intermarché - Wanty,"","",2025-10-26 18:10:41
tour-of-guangxi,2025,1,Stage 1,Normal stage,14/10,47,Bilbao PelloBahrain - Victoriousfav_gc,Bahrain - Victorious,"","",2025-10-26 18:10:41
tour-of-guangxi,2025,1,Stage 1,Normal stage,14/10,48,Sepúlveda EduardoLotto,Lotto,"","",2025-10-26 18:10:41
tour-of-guangxi,2025,1,Stage 1,Normal stage,14/10,49,Paleni EnzoGroupama - FDJ,Groupama - FDJ,"","",2025-10-26 18:10:41
tour-of-guangxi,2025,1,Stage 1,Normal stage,14/10,50,Pedrero AntonioMovistar Team,Movistar Team,"","",2025-10-26 18:10:41
tour-of-guangxi,2025,1,Stage 1,Normal stage,14/10,51,Double PaulTeam Jayco AlUlafav_gc,Team Jayco AlUla,"","",2025-10-26 18:10:41
tour-of-guangxi,2025,1,Stage 1,Normal stage,14/10,52,Wandahl FrederikRed Bull - BORA - hansgrohe,Red Bull - BORA - hansgrohe,"","",2025-10-26 18:10:41
tour-of-guangxi,2025,1,Stage 1,Normal stage,14/10,53,Nerurkar LukasEF Education - EasyPost,EF Education - EasyPost,"","",2025-10-26 18:10:41
tour-of-guangxi,2025,1,Stage 1,Normal stage,14/10,54,Raccagni Noviero AndreaSoudal Quick-Step,Soudal Quick-Step,"","",2025-10-26 18:10:41
tour-of-guangxi,2025,1,Stage 1,Normal stage,14/10,55,Herrada JesúsCofidis,Cofidis,"","",2025-10-26 18:10:41
tour-of-guangxi,2025,1,Stage 1,Normal stage,14/10,56,Paret-Peintre AurélienDecathlon AG2R La Mondiale Teamfav_gc,Decathlon AG2R La Mondiale Team,"","",2025-10-26 18:10:41
tour-of-guangxi,2025,1,Stage 1,Normal stage,14/10,57,Colleoni KevinIntermarché - Wanty,Intermarché - Wanty,"","",2025-10-26 18:10:41
tour-of-guangxi,2025,1,Stage 1,Normal stage,14/10,58,Geniets KevinGroupama - FDJ,Groupama - FDJ,"","",2025-10-26 18:10:41
tour-of-guangxi,2025,1,Stage 1,Normal stage,14/10,59,Heiduk KimINEOS Grenadiers,INEOS Grenadiers,"","",2025-10-26 18:10:41
tour-of-guangxi,2025,1,Stage 1,Normal stage,14/10,60,Beloki MarkelEF Education - EasyPost,EF Education - EasyPost,"","",2025-10-26 18:10:41
tour-of-guangxi,2025,1,Stage 1,Normal stage,14/10,61,Pasqualon AndreaBahrain - Victorious,Bahrain - Victorious,"","",2025-10-26 18:10:41
tour-of-guangxi,2025,1,Stage 1,Normal stage,14/10,62,van den Broek FrankTeam Picnic PostNL,Team Picnic PostNL,"","",2025-10-26 18:10:41
tour-of-guangxi,2025,1,Stage 1,Normal stage,14/10,63,Lutsenko AlexeyIsrael - Premier Tech,Israel - Premier Tech,"","",2025-10-26 18:10:41
tour-of-guangxi,2025,1,Stage 1,Normal stage,14/10,64,Mullen RyanRed Bull - BORA - hansgrohe,Red Bull - BORA - hansgrohe,"","",2025-10-26 18:10:41
tour-of-guangxi,2025,1,Stage 1,Normal stage,14/10,65,Arrieta IgorUAE Team Emirates - XRG,UAE Team Emirates - XRG,"","",2025-10-26 18:10:41
tour-of-guangxi,2025,1,Stage 1,Normal stage,14/10,66,Su HaoyuXDS Astana Team,XDS Astana Team,"","",2025-10-26 18:10:41
tour-of-guangxi,2025,1,Stage 1,Normal stage,14/10,67,Shen YutaoChina,China,"","",2025-10-26 18:10:41
tour-of-guangxi,2025,1,Stage 1,Normal stage,14/10,68,Li YouChina,China,"","",2025-10-26 18:10:41
tour-of-guangxi,2025,1,Stage 1,Normal stage,14/10,69,Allegaert PietCofidis,Cofidis,"","",2025-10-26 18:10:41
tour-of-guangxi,2025,1,Stage 1,Normal stage,14/10,70,Currie LoganLotto,Lotto,"","",2025-10-26 18:10:41
tour-of-guangxi,2025,1,Stage 1,Normal stage,14/10,71,Leonard MichaelINEOS Grenadiers,INEOS Grenadiers,"","",2025-10-26 18:10:41
tour-of-guangxi,2025,1,Stage 1,Normal stage,14/10,72,van der Meulen MaxBahrain - Victorious,Bahrain - Victorious,"","",2025-10-26 18:10:41
tour-of-guangxi,2025,1,Stage 1,Normal stage,14/10,73,Ermakov RomanBahrain - Victorious,Bahrain - Victorious,"","",2025-10-26 18:10:41
tour-of-guangxi,2025,1,Stage 1,Normal stage,14/10,74,Lafay VictorDecathlon AG2R La Mondiale Team,Decathlon AG2R La Mondiale Team,"","",2025-10-26 18:10:41
tour-of-guangxi,2025,1,Stage 1,Normal stage,14/10,75,Davy ClémentGroupama - FDJ,Groupama - FDJ,"","",2025-10-26 18:10:41
tour-of-guangxi,2025,1,Stage 1,Normal stage,14/10,76,Johansen JuliusUAE Team Emirates - XRG,UAE Team Emirates - XRG,"","",2025-10-26 18:10:41
tour-of-guangxi,2025,1,Stage 1,Normal stage,14/10,77,Dewulf StanDecathlon AG2R La Mondiale Team,Decathlon AG2R La Mondiale Team,"","",2025-10-26 18:10:41
tour-of-guangxi,2025,1,Stage 1,Normal stage,14/10,78,Buchmann EmanuelCofidisfav_gc,Cofidis,"","",2025-10-26 18:10:41
tour-of-guangxi,2025,1,Stage 1,Normal stage,14/10,79,Moniquet SylvainCofidis,Cofidis,"","",2025-10-26 18:10:41
tour-of-guangxi,2025,1,Stage 1,Normal stage,14/10,80,Narváez JhonatanUAE Team Emirates - XRGfav_gc,UAE Team Emirates - XRG,"","",2025-10-26 18:10:41
tour-of-guangxi,2025,1,Stage 1,Normal stage,14/10,81,August AndrewINEOS Grenadiers,INEOS Grenadiers,"","",2025-10-26 18:10:41
tour-of-guangxi,2025,1,Stage 1,Normal stage,14/10,82,Geoghegan Hart TaoLidl - Trek,Lidl - Trek,"","",2025-10-26 18:10:41
tour-of-guangxi,2025,1,Stage 1,Normal stage,14/10,83,Skjelmose MattiasLidl - Trek,Lidl - Trek,"","",2025-10-26 18:10:41
tour-of-guangxi,2025,1,Stage 1,Normal stage,14/10,84,Yu JiaqingChina,China,"","",2025-10-26 18:10:41
tour-of-guangxi,2025,1,Stage 1,Normal stage,14/10,85,Valter AttilaTeam Visma | Lease a Bike,Team Visma | Lease a Bike,"","",2025-10-26 18:10:41
tour-of-guangxi,2025,1,Stage 1,Normal stage,14/10,86,Schultz NickIsrael - Premier Tech,Israel - Premier Tech,"","",2025-10-26 18:10:41
tour-of-guangxi,2025,1,Stage 1,Normal stage,14/10,87,Mollema BaukeLidl - Trek,Lidl - Trek,"","",2025-10-26 18:10:41
tour-of-guangxi,2025,1,Stage 1,Normal stage,14/10,88,Ries MichelArkéa - B&B Hotels,Arkéa - B&B Hotels,"","",2025-10-26 18:10:41
tour-of-guangxi,2025,1,Stage 1,Normal stage,14/10,89,Adrià RogerRed Bull - BORA - hansgrohe,Red Bull - BORA - hansgrohe,"","",2025-10-26 18:10:41
tour-of-guangxi,2025,1,Stage 1,Normal stage,14/10,90,Sütterlin JashaTeam Jayco AlUla,Team Jayco AlUla,"","",2025-10-26 18:10:41
tour-of-guangxi,2025,1,Stage 1,Normal stage,14/10,91,Faure Prost AlexyIntermarché - Wanty,Intermarché - Wanty,"","",2025-10-26 18:10:41
tour-of-guangxi,2025,1,Stage 1,Normal stage,14/10,92,Dinham MatthewTeam Picnic PostNL,Team Picnic PostNL,"","",2025-10-26 18:10:41
tour-of-guangxi,2025,1,Stage 1,Normal stage,14/10,93,Thompson ReubenLotto,Lotto,"","",2025-10-26 18:10:41
tour-of-guangxi,2025,1,Stage 1,Normal stage,14/10,94,Shmidt ArtemINEOS Grenadiers,INEOS Grenadiers,"","",2025-10-26 18:10:41
tour-of-guangxi,2025,1,Stage 1,Normal stage,14/10,95,Øxenberg Peter INEOS Grenadiers,INEOS Grenadiers,"","",2025-10-26 18:10:41
tour-of-guangxi,2025,1,Stage 1,Normal stage,14/10,96,López Harold MartínXDS Astana Team,XDS Astana Team,"","",2025-10-26 18:10:41
tour-of-guangxi,2025,1,Stage 1,Normal stage,14/10,97,Higuita SergioXDS Astana Teamfav_gc,XDS Astana Team,"","",2025-10-26 18:10:41
tour-of-guangxi,2025,1,Stage 1,Normal stage,14/10,98,Teng GengChina,China,"","",2025-10-26 18:10:41
tour-of-guangxi,2025,1,Stage 1,Normal stage,14/10,99,Zhang RongqiChina,China,"","",2025-10-26 18:10:41
tour-of-guangxi,2025,1,Stage 1,Normal stage,14/10,100,Warlop JordiSoudal Quick-Step,Soudal Quick-Step,"","",2025-10-26 18:10:41
tour-of-guangxi,2025,1,Stage 1,Normal stage,14/10,101,Huby AntoineSoudal Quick-Step,Soudal Quick-Step,"","",2025-10-26 18:10:41
tour-of-guangxi,2025,1,Stage 1,Normal stage,14/10,102,Bonneu KamielIntermarché - Wanty,Intermarché - Wanty,"","",2025-10-26 18:10:41
tour-of-guangxi,2025,1,Stage 1,Normal stage,14/10,103,Gloag ThomasTeam Visma | Lease a Bike,Team Visma | Lease a Bike,"","",2025-10-26 18:10:41
tour-of-guangxi,2025,1,Stage 1,Normal stage,14/10,104,Li ZhenChina,China,"","",2025-10-26 18:10:41
tour-of-guangxi,2025,1,Stage 1,Normal stage,14/10,105,López Juan PedroLidl - Trekfav_gc,Lidl - Trek,"","",2025-10-26 18:10:41
tour-of-guangxi,2025,1,Stage 1,Normal stage,14/10,106,Rouland LouisArkéa - B&B Hotels,Arkéa - B&B Hotels,"","",2025-10-26 18:10:41
tour-of-guangxi,2025,1,Stage 1,Normal stage,14/10,107,Kajamini Florian SamuelXDS Astana Team,XDS Astana Team,"","",2025-10-26 18:10:41
tour-of-guangxi,2025,1,Stage 1,Normal stage,14/10,108,Masnada FaustoXDS Astana Team,XDS Astana Team,"","",2025-10-26 18:10:41
tour-of-guangxi,2025,1,Stage 1,Normal stage,14/10,109,Maciejuk FilipRed Bull - BORA - hansgrohe,Red Bull - BORA - hansgrohe,"","",2025-10-26 18:10:41
tour-of-guangxi,2025,1,Stage 1,Normal stage,14/10,110,Gamper PatrickTeam Jayco AlUla,Team Jayco AlUla,"","",2025-10-26 18:10:41
tour-of-guangxi,2025,1,Stage 1,Normal stage,14/10,111,Li YuhengChina,China,"","",2025-10-26 18:10:41
tour-of-guangxi,2025,1,Stage 1,Normal stage,14/10,112,Leijnse EnzoTeam Picnic PostNL,Team Picnic PostNL,"","",2025-10-26 18:10:41
tour-of-guangxi,2025,1,Stage 1,Normal stage,14/10,113,Bittner PavelTeam Picnic PostNLfav_gc,Team Picnic PostNL,"","",2025-10-26 18:10:41
tour-of-guangxi,2025,1,Stage 1,Normal stage,14/10,114,Eddy PatrickTeam Picnic PostNL,Team Picnic PostNL,"","",2025-10-26 18:10:41
tour-of-guangxi,2025,1,Stage 1,Normal stage,14/10,115,Naberman TimTeam Picnic PostNL,Team Picnic PostNL,"","",2025-10-26 18:10:41
tour-of-guangxi,2025,1,Stage 1,Normal stage,14/10,116,Walker MaxEF Education - EasyPost,EF Education - EasyPost,"","",2025-10-26 18:10:41
tour-of-guangxi,2025,1,Stage 1,Normal stage,14/10,117,Craps LarsLotto,Lotto,"","",2025-10-26 18:10:41
tour-of-guangxi,2025,1,Stage 1,Normal stage,14/10,118,Debeaumarché NicolasCofidis,Cofidis,"","",2025-10-26 18:10:41
tour-of-guangxi,2025,1,Stage 1,Normal stage,14/10,119,Le Huitouze EddyGroupama - FDJ,Groupama - FDJ,"","",2025-10-26 18:10:41
tour-of-guangxi,2025,1,Stage 1,Normal stage,14/10,120,Pickrell RileyIsrael - Premier Tech,Israel - Premier Tech,"","",2025-10-26 18:10:41
tour-of-guangxi,2025,1,Stage 1,Normal stage,14/10,121,Walscheid MaxTeam Jayco AlUla,Team Jayco AlUla,"","",2025-10-26 18:10:41
tour-of-guangxi,2025,1,Stage 1,Normal stage,14/10,122,Vangheluwe WarreSoudal Quick-Step,Soudal Quick-Step,"","",2025-10-26 18:10:41
tour-of-guangxi,2025,1,Stage 1,Normal stage,14/10,123,Marit ArneIntermarché - Wanty,Intermarché - Wanty,"","",2025-10-26 18:10:41
tour-of-guangxi,2025,1,Stage 1,Normal stage,14/10,124,Van Hoecke GijsIntermarché - Wanty,Intermarché - Wanty,"","",2025-10-26 18:10:41
tour-of-guangxi,2025,1,Stage 1,Normal stage,14/10,125,McLay DanielTeam Visma | Lease a Bike,Team Visma | Lease a Bike,"","",2025-10-26 18:10:41
tour-of-guangxi,2025,1,Stage 1,Normal stage,14/10,126,De Schuyteneer SteffenLotto,Lotto,"","",2025-10-26 18:10:41
tour-of-guangxi,2025,1,Stage 1,Normal stage,14/10,127,Slock LiamLotto,Lotto,"","",2025-10-26 18:10:41
tour-of-guangxi,2025,1,Stage 1,Normal stage,14/10,128,Guglielmi SimonArkéa - B&B Hotels,Arkéa - B&B Hotels,"","",2025-10-26 18:10:41
tour-of-guangxi,2025,1,Stage 1,Normal stage,14/10,129,Gautherat PierreDecathlon AG2R La Mondiale Team,Decathlon AG2R La Mondiale Team,"","",2025-10-26 18:10:41
tour-of-guangxi,2025,1,Stage 1,Normal stage,14/10,130,Mozzato LucaArkéa - B&B Hotels,Arkéa - B&B Hotels,"","",2025-10-26 18:10:41
tour-of-guangxi,2025,1,Stage 1,Normal stage,14/10,131,Bauhaus PhilBahrain - Victorious,Bahrain - Victorious,"","",2025-10-26 18:10:41
tour-of-guangxi,2025,1,Stage 1,Normal stage,14/10,132,Behrens NiklasTeam Visma | Lease a Bike,Team Visma | Lease a Bike,"","",2025-10-26 18:10:41
tour-of-guangxi,2025,1,Stage 1,Normal stage,14/10,133,Bower LewisGroupama - FDJ,Groupama - FDJ,"","",2025-10-26 18:10:41
tour-of-guangxi,2025,1,Stage 1,Normal stage,14/10,134,Penhoët PaulGroupama - FDJ,Groupama - FDJ,"","",2025-10-26 18:10:41
tour-of-guangxi,2025,1,Stage 1,Normal stage,14/10,135,Oliveira RuiUAE Team Emirates - XRG,UAE Team Emirates - XRG,"","",2025-10-26 18:10:41
tour-of-guangxi,2025,1,Stage 1,Normal stage,14/10,136,Raisberg NadavIsrael - Premier Tech,Israel - Premier Tech,"","",2025-10-26 18:10:41
tour-of-guangxi,2025,1,Stage 1,Normal stage,14/10,137,Consonni SimoneLidl - Trek,Lidl - Trek,"","",2025-10-26 18:10:41
tour-of-guangxi,2025,2,Stage 2,Normal stage,15/10,1,Magnier PaulSoudal Quick-Step,Soudal Quick-Step,40,50,2025-10-26 18:10:41
tour-of-guangxi,2025,2,Stage 2,Normal stage,15/10,2,Bittner PavelTeam Picnic PostNLfav_gc,Team Picnic PostNL,25,30,2025-10-26 18:10:41
tour-of-guangxi,2025,2,Stage 2,Normal stage,15/10,3,Aniołkowski StanisławCofidis,Cofidis,20,18,2025-10-26 18:10:41
tour-of-guangxi,2025,2,Stage 2,Normal stage,15/10,4,Skerl DanielBahrain - Victorious,Bahrain - Victorious,15,13,2025-10-26 18:10:41
tour-of-guangxi,2025,2,Stage 2,Normal stage,15/10,5,Marit ArneIntermarché - Wanty,Intermarché - Wanty,10,10,2025-10-26 18:10:41
tour-of-guangxi,2025,2,Stage 2,Normal stage,15/10,6,Kanter MaxXDS Astana Team,XDS Astana Team,8,7,2025-10-26 18:10:41
tour-of-guangxi,2025,2,Stage 2,Normal stage,15/10,7,Donaldson RobertTeam Jayco AlUla,Team Jayco AlUla,6,4,2025-10-26 18:10:41
tour-of-guangxi,2025,2,Stage 2,Normal stage,15/10,8,Penhoët PaulGroupama - FDJ,Groupama - FDJ,3,3,2025-10-26 18:10:41
tour-of-guangxi,2025,2,Stage 2,Normal stage,15/10,9,Meeus JordiRed Bull - BORA - hansgrohe,Red Bull - BORA - hansgrohe,2,2,2025-10-26 18:10:41
tour-of-guangxi,2025,2,Stage 2,Normal stage,15/10,10,Kogut OdedIsrael - Premier Tech,Israel - Premier Tech,1,1,2025-10-26 18:10:41
tour-of-guangxi,2025,2,Stage 2,Normal stage,15/10,11,Behrens NiklasTeam Visma | Lease a Bike,Team Visma | Lease a Bike,"","",2025-10-26 18:10:41
tour-of-guangxi,2025,2,Stage 2,Normal stage,15/10,12,van den Berg MarijnEF Education - EasyPost,EF Education - EasyPost,"","",2025-10-26 18:10:41
tour-of-guangxi,2025,2,Stage 2,Normal stage,15/10,13,De Schuyteneer SteffenLotto,Lotto,"","",2025-10-26 18:10:41
tour-of-guangxi,2025,2,Stage 2,Normal stage,15/10,14,Pedersen Rasmus SøjbergDecathlon AG2R La Mondiale Team,Decathlon AG2R La Mondiale Team,"","",2025-10-26 18:10:41
tour-of-guangxi,2025,2,Stage 2,Normal stage,15/10,15,Walscheid MaxTeam Jayco AlUla,Team Jayco AlUla,"","",2025-10-26 18:10:41
tour-of-guangxi,2025,2,Stage 2,Normal stage,15/10,16,Heiduk KimINEOS Grenadiers,INEOS Grenadiers,"","",2025-10-26 18:10:41
tour-of-guangxi,2025,2,Stage 2,Normal stage,15/10,17,Gaviria FernandoMovistar Team,Movistar Team,"","",2025-10-26 18:10:41
tour-of-guangxi,2025,2,Stage 2,Normal stage,15/10,18,Pasqualon AndreaBahrain - Victorious,Bahrain - Victorious,"","",2025-10-26 18:10:41
tour-of-guangxi,2025,2,Stage 2,Normal stage,15/10,19,Gibbons RyanLidl - Trek,Lidl - Trek,"","",2025-10-26 18:10:41
tour-of-guangxi,2025,2,Stage 2,Normal stage,15/10,20,Oliveira IvoUAE Team Emirates - XRG,UAE Team Emirates - XRG,"","",2025-10-26 18:10:41
tour-of-guangxi,2025,2,Stage 2,Normal stage,15/10,21,Le Berre MathisArkéa - B&B Hotels,Arkéa - B&B Hotels,"","",2025-10-26 18:10:41
tour-of-guangxi,2025,2,Stage 2,Normal stage,15/10,22,Slock LiamLotto,Lotto,"","",2025-10-26 18:10:41
tour-of-guangxi,2025,2,Stage 2,Normal stage,15/10,23,Giddings JoshuaLotto,Lotto,"","",2025-10-26 18:10:41
tour-of-guangxi,2025,2,Stage 2,Normal stage,15/10,24,Bower LewisGroupama - FDJ,Groupama - FDJ,"","",2025-10-26 18:10:41
tour-of-guangxi,2025,2,Stage 2,Normal stage,15/10,25,van Uden CasperTeam Picnic PostNL,Team Picnic PostNL,"","",2025-10-26 18:10:41
tour-of-guangxi,2025,2,Stage 2,Normal stage,15/10,26,Hatherly AlanTeam Jayco AlUla,Team Jayco AlUla,"","",2025-10-26 18:10:41
tour-of-guangxi,2025,2,Stage 2,Normal stage,15/10,27,Gautherat PierreDecathlon AG2R La Mondiale Team,Decathlon AG2R La Mondiale Team,"","",2025-10-26 18:10:41
tour-of-guangxi,2025,2,Stage 2,Normal stage,15/10,28,Currie LoganLotto,Lotto,"","",2025-10-26 18:10:41
tour-of-guangxi,2025,2,Stage 2,Normal stage,15/10,29,Allegaert PietCofidis,Cofidis,"","",2025-10-26 18:10:41
tour-of-guangxi,2025,2,Stage 2,Normal stage,15/10,30,Davy ClémentGroupama - FDJ,Groupama - FDJ,"","",2025-10-26 18:10:41
tour-of-guangxi,2025,2,Stage 2,Normal stage,15/10,31,Einhorn ItamarIsrael - Premier Tech,Israel - Premier Tech,"","",2025-10-26 18:10:41
tour-of-guangxi,2025,2,Stage 2,Normal stage,15/10,32,Lafay VictorDecathlon AG2R La Mondiale Team,Decathlon AG2R La Mondiale Team,"","",2025-10-26 18:10:41
tour-of-guangxi,2025,2,Stage 2,Normal stage,15/10,33,Norsgaard MathiasMovistar Team,Movistar Team,"","",2025-10-26 18:10:41
tour-of-guangxi,2025,2,Stage 2,Normal stage,15/10,34,Honoré Mikkel FrølichEF Education - EasyPost,EF Education - EasyPost,"","",2025-10-26 18:10:41
tour-of-guangxi,2025,2,Stage 2,Normal stage,15/10,35,Maas JanCofidis,Cofidis,"","",2025-10-26 18:10:41
tour-of-guangxi,2025,2,Stage 2,Normal stage,15/10,36,Pedrero AntonioMovistar Team,Movistar Team,"","",2025-10-26 18:10:41
tour-of-guangxi,2025,2,Stage 2,Normal stage,15/10,37,Paret-Peintre AurélienDecathlon AG2R La Mondiale Teamfav_gc,Decathlon AG2R La Mondiale Team,"","",2025-10-26 18:10:41
tour-of-guangxi,2025,2,Stage 2,Normal stage,15/10,38,Peters NansDecathlon AG2R La Mondiale Team,Decathlon AG2R La Mondiale Team,"","",2025-10-26 18:10:41
tour-of-guangxi,2025,2,Stage 2,Normal stage,15/10,39,Bilbao PelloBahrain - Victoriousfav_gc,Bahrain - Victorious,"","",2025-10-26 18:10:41
tour-of-guangxi,2025,2,Stage 2,Normal stage,15/10,40,Nordhagen JørgenTeam Visma | Lease a Bike,Team Visma | Lease a Bike,"","",2025-10-26 18:10:41
tour-of-guangxi,2025,2,Stage 2,Normal stage,15/10,41,Pescador DiegoMovistar Team,Movistar Team,"","",2025-10-26 18:10:41
tour-of-guangxi,2025,2,Stage 2,Normal stage,15/10,42,Double PaulTeam Jayco AlUlafav_gc,Team Jayco AlUla,"","",2025-10-26 18:10:41
tour-of-guangxi,2025,2,Stage 2,Normal stage,15/10,43,Huby AntoineSoudal Quick-Step,Soudal Quick-Step,"","",2025-10-26 18:10:41
tour-of-guangxi,2025,2,Stage 2,Normal stage,15/10,44,Colleoni KevinIntermarché - Wanty,Intermarché - Wanty,"","",2025-10-26 18:10:41
tour-of-guangxi,2025,2,Stage 2,Normal stage,15/10,45,Dinham MatthewTeam Picnic PostNL,Team Picnic PostNL,"","",2025-10-26 18:10:41
tour-of-guangxi,2025,2,Stage 2,Normal stage,15/10,46,Debeaumarché NicolasCofidis,Cofidis,"","",2025-10-26 18:10:41
tour-of-guangxi,2025,2,Stage 2,Normal stage,15/10,47,Christen JanUAE Team Emirates - XRGfav_gc,UAE Team Emirates - XRG,"","",2025-10-26 18:10:41
tour-of-guangxi,2025,2,Stage 2,Normal stage,15/10,48,Zwiehoff BenRed Bull - BORA - hansgrohe,Red Bull - BORA - hansgrohe,"","",2025-10-26 18:10:41
tour-of-guangxi,2025,2,Stage 2,Normal stage,15/10,49,Ermakov RomanBahrain - Victorious,Bahrain - Victorious,"","",2025-10-26 18:10:41
tour-of-guangxi,2025,2,Stage 2,Normal stage,15/10,50,Faure Prost AlexyIntermarché - Wanty,Intermarché - Wanty,"","",2025-10-26 18:10:41
tour-of-guangxi,2025,2,Stage 2,Normal stage,15/10,51,Higuita SergioXDS Astana Teamfav_gc,XDS Astana Team,"","",2025-10-26 18:10:41
tour-of-guangxi,2025,2,Stage 2,Normal stage,15/10,52,Uijtdebroeks CianTeam Visma | Lease a Bikefav_gc,Team Visma | Lease a Bike,"","",2025-10-26 18:10:41
tour-of-guangxi,2025,2,Stage 2,Normal stage,15/10,53,Wandahl FrederikRed Bull - BORA - hansgrohe,Red Bull - BORA - hansgrohe,"","",2025-10-26 18:10:41
tour-of-guangxi,2025,2,Stage 2,Normal stage,15/10,54,Hajek AlexanderRed Bull - BORA - hansgrohe,Red Bull - BORA - hansgrohe,"","",2025-10-26 18:10:41
tour-of-guangxi,2025,2,Stage 2,Normal stage,15/10,55,August AndrewINEOS Grenadiers,INEOS Grenadiers,"","",2025-10-26 18:10:41
tour-of-guangxi,2025,2,Stage 2,Normal stage,15/10,56,Graat TijmenTeam Visma | Lease a Bike,Team Visma | Lease a Bike,"","",2025-10-26 18:10:41
tour-of-guangxi,2025,2,Stage 2,Normal stage,15/10,57,Raisberg NadavIsrael - Premier Tech,Israel - Premier Tech,"","",2025-10-26 18:10:41
tour-of-guangxi,2025,2,Stage 2,Normal stage,15/10,58,Adrià RogerRed Bull - BORA - hansgrohe,Red Bull - BORA - hansgrohe,"","",2025-10-26 18:10:41
tour-of-guangxi,2025,2,Stage 2,Normal stage,15/10,59,Charmig AnthonXDS Astana Team,XDS Astana Team,"","",2025-10-26 18:10:41
tour-of-guangxi,2025,2,Stage 2,Normal stage,15/10,60,Le Huitouze EddyGroupama - FDJ,Groupama - FDJ,"","",2025-10-26 18:10:41
tour-of-guangxi,2025,2,Stage 2,Normal stage,15/10,61,Costiou EwenArkéa - B&B Hotelsfav_gc,Arkéa - B&B Hotels,"","",2025-10-26 18:10:41
tour-of-guangxi,2025,2,Stage 2,Normal stage,15/10,62,Craps LarsLotto,Lotto,"","",2025-10-26 18:10:41
tour-of-guangxi,2025,2,Stage 2,Normal stage,15/10,63,Øxenberg Peter  INEOS Grenadiers,INEOS Grenadiers,"","",2025-10-26 18:10:41
tour-of-guangxi,2025,2,Stage 2,Normal stage,15/10,64,Valter AttilaTeam Visma | Lease a Bike,Team Visma | Lease a Bike,"","",2025-10-26 18:10:41
tour-of-guangxi,2025,2,Stage 2,Normal stage,15/10,65,Nerurkar LukasEF Education - EasyPost,EF Education - EasyPost,"","",2025-10-26 18:10:41
tour-of-guangxi,2025,2,Stage 2,Normal stage,15/10,66,Geoghegan Hart TaoLidl - Trek,Lidl - Trek,"","",2025-10-26 18:10:41
tour-of-guangxi,2025,2,Stage 2,Normal stage,15/10,67,Moniquet SylvainCofidis,Cofidis,"","",2025-10-26 18:10:41
tour-of-guangxi,2025,2,Stage 2,Normal stage,15/10,68,Oomen SamLidl - Trek,Lidl - Trek,"","",2025-10-26 18:10:41
tour-of-guangxi,2025,2,Stage 2,Normal stage,15/10,69,Rochas RémyGroupama - FDJ,Groupama - FDJ,"","",2025-10-26 18:10:41
tour-of-guangxi,2025,2,Stage 2,Normal stage,15/10,70,Schultz NickIsrael - Premier Tech,Israel - Premier Tech,"","",2025-10-26 18:10:41
tour-of-guangxi,2025,2,Stage 2,Normal stage,15/10,71,Lutsenko AlexeyIsrael - Premier Tech,Israel - Premier Tech,"","",2025-10-26 18:10:41
tour-of-guangxi,2025,2,Stage 2,Normal stage,15/10,72,Rodríguez ÓscarINEOS Grenadiers,INEOS Grenadiers,"","",2025-10-26 18:10:41
tour-of-guangxi,2025,2,Stage 2,Normal stage,15/10,73,Su HaoyuXDS Astana Team,XDS Astana Team,"","",2025-10-26 18:10:41
tour-of-guangxi,2025,2,Stage 2,Normal stage,15/10,74,Thompson ReubenLotto,Lotto,"","",2025-10-26 18:10:41
tour-of-guangxi,2025,2,Stage 2,Normal stage,15/10,75,Paleni EnzoGroupama - FDJ,Groupama - FDJ,"","",2025-10-26 18:10:41
tour-of-guangxi,2025,2,Stage 2,Normal stage,15/10,76,Rouland LouisArkéa - B&B Hotels,Arkéa - B&B Hotels,"","",2025-10-26 18:10:41
tour-of-guangxi,2025,2,Stage 2,Normal stage,15/10,77,Beloki MarkelEF Education - EasyPost,EF Education - EasyPost,"","",2025-10-26 18:10:41
tour-of-guangxi,2025,2,Stage 2,Normal stage,15/10,78,Van Gestel DriesSoudal Quick-Step,Soudal Quick-Step,"","",2025-10-26 18:10:41
tour-of-guangxi,2025,2,Stage 2,Normal stage,15/10,79,Teng GengChina,China,"","",2025-10-26 18:10:41
tour-of-guangxi,2025,2,Stage 2,Normal stage,15/10,80,Narváez JhonatanUAE Team Emirates - XRGfav_gc,UAE Team Emirates - XRG,"","",2025-10-26 18:10:41
tour-of-guangxi,2025,2,Stage 2,Normal stage,15/10,81,Bonneu KamielIntermarché - Wanty,Intermarché - Wanty,"","",2025-10-26 18:10:41
tour-of-guangxi,2025,2,Stage 2,Normal stage,15/10,82,Geniets Kevin Groupama - FDJ,Groupama - FDJ,"","",2025-10-26 18:10:41
tour-of-guangxi,2025,2,Stage 2,Normal stage,15/10,83,Gloag ThomasTeam Visma | Lease a Bike,Team Visma | Lease a Bike,"","",2025-10-26 18:10:41
tour-of-guangxi,2025,2,Stage 2,Normal stage,15/10,84,Großschartner FelixUAE Team Emirates - XRGfav_gc,UAE Team Emirates - XRG,"","",2025-10-26 18:10:41
tour-of-guangxi,2025,2,Stage 2,Normal stage,15/10,85,Eddy PatrickTeam Picnic PostNL,Team Picnic PostNL,"","",2025-10-26 18:10:41
tour-of-guangxi,2025,2,Stage 2,Normal stage,15/10,86,Skjelmose MattiasLidl - Trek,Lidl - Trek,"","",2025-10-26 18:10:41
tour-of-guangxi,2025,2,Stage 2,Normal stage,15/10,87,Ries MichelArkéa - B&B Hotels,Arkéa - B&B Hotels,"","",2025-10-26 18:10:41
tour-of-guangxi,2025,2,Stage 2,Normal stage,15/10,88,van den Broek Frank Team Picnic PostNL,Team Picnic PostNL,"","",2025-10-26 18:10:41
tour-of-guangxi,2025,2,Stage 2,Normal stage,15/10,89,Sepúlveda EduardoLotto,Lotto,"","",2025-10-26 18:10:41
tour-of-guangxi,2025,2,Stage 2,Normal stage,15/10,90,Leonard MichaelINEOS Grenadiers,INEOS Grenadiers,"","",2025-10-26 18:10:41
tour-of-guangxi,2025,2,Stage 2,Normal stage,15/10,91,Gamper PatrickTeam Jayco AlUla,Team Jayco AlUla,"","",2025-10-26 18:10:41
tour-of-guangxi,2025,2,Stage 2,Normal stage,15/10,92,Busatto FrancescoIntermarché - Wanty,Intermarché - Wanty,"","",2025-10-26 18:10:41
tour-of-guangxi,2025,2,Stage 2,Normal stage,15/10,93,Dewulf Stan Decathlon AG2R La Mondiale Team,Decathlon AG2R La Mondiale Team,"","",2025-10-26 18:10:41
tour-of-guangxi,2025,2,Stage 2,Normal stage,15/10,94,Masnada FaustoXDS Astana Team,XDS Astana Team,"","",2025-10-26 18:10:41
tour-of-guangxi,2025,2,Stage 2,Normal stage,15/10,95,Herrada JesúsCofidis,Cofidis,"","",2025-10-26 18:10:41
tour-of-guangxi,2025,2,Stage 2,Normal stage,15/10,96,Raccagni Noviero AndreaSoudal Quick-Step,Soudal Quick-Step,"","",2025-10-26 18:10:41
tour-of-guangxi,2025,2,Stage 2,Normal stage,15/10,97,Guglielmi Simon Arkéa - B&B Hotels,Arkéa - B&B Hotels,"","",2025-10-26 18:10:41
tour-of-guangxi,2025,2,Stage 2,Normal stage,15/10,98,Johansen JuliusUAE Team Emirates - XRG,UAE Team Emirates - XRG,"","",2025-10-26 18:10:41
tour-of-guangxi,2025,2,Stage 2,Normal stage,15/10,99,Mühlberger GregorMovistar Teamfav_gc,Movistar Team,"","",2025-10-26 18:10:41
tour-of-guangxi,2025,2,Stage 2,Normal stage,15/10,100,Pickrell RileyIsrael - Premier Tech,Israel - Premier Tech,"","",2025-10-26 18:10:41
tour-of-guangxi,2025,2,Stage 2,Normal stage,15/10,101,Mozzato LucaArkéa - B&B Hotels,Arkéa - B&B Hotels,"","",2025-10-26 18:10:41
tour-of-guangxi,2025,2,Stage 2,Normal stage,15/10,102,Paasschens MathijsBahrain - Victorious,Bahrain - Victorious,"","",2025-10-26 18:10:41
tour-of-guangxi,2025,2,Stage 2,Normal stage,15/10,103,Mullen RyanRed Bull - BORA - hansgrohe,Red Bull - BORA - hansgrohe,"","",2025-10-26 18:10:41
tour-of-guangxi,2025,2,Stage 2,Normal stage,15/10,104,Valgren Michael EF Education - EasyPost,EF Education - EasyPost,"","",2025-10-26 18:10:41
tour-of-guangxi,2025,2,Stage 2,Normal stage,15/10,105,Van Hoecke GijsIntermarché - Wanty,Intermarché - Wanty,"","",2025-10-26 18:10:41
tour-of-guangxi,2025,2,Stage 2,Normal stage,15/10,106,Arrieta IgorUAE Team Emirates - XRG,UAE Team Emirates - XRG,"","",2025-10-26 18:10:41
tour-of-guangxi,2025,2,Stage 2,Normal stage,15/10,107,Mezgec LukaTeam Jayco AlUla,Team Jayco AlUla,"","",2025-10-26 18:10:41
tour-of-guangxi,2025,2,Stage 2,Normal stage,15/10,108,López Harold MartínXDS Astana Team,XDS Astana Team,"","",2025-10-26 18:10:41
tour-of-guangxi,2025,2,Stage 2,Normal stage,15/10,109,Buchmann EmanuelCofidisfav_gc,Cofidis,"","",2025-10-26 18:10:41
tour-of-guangxi,2025,2,Stage 2,Normal stage,15/10,110,Maciejuk FilipRed Bull - BORA - hansgrohe,Red Bull - BORA - hansgrohe,"","",2025-10-26 18:10:41
tour-of-guangxi,2025,2,Stage 2,Normal stage,15/10,111,Paquot TomIntermarché - Wanty,Intermarché - Wanty,"","",2025-10-26 18:10:41
tour-of-guangxi,2025,2,Stage 2,Normal stage,15/10,112,Lozouet LéandreArkéa - B&B Hotels,Arkéa - B&B Hotels,"","",2025-10-26 18:10:41
tour-of-guangxi,2025,2,Stage 2,Normal stage,15/10,113,Sütterlin JashaTeam Jayco AlUla,Team Jayco AlUla,"","",2025-10-26 18:10:41
tour-of-guangxi,2025,2,Stage 2,Normal stage,15/10,114,van der Meulen MaxBahrain - Victorious,Bahrain - Victorious,"","",2025-10-26 18:10:41
tour-of-guangxi,2025,2,Stage 2,Normal stage,15/10,115,Doull OwainEF Education - EasyPost,EF Education - EasyPost,"","",2025-10-26 18:10:41
tour-of-guangxi,2025,2,Stage 2,Normal stage,15/10,116,Walker MaxEF Education - EasyPost,EF Education - EasyPost,"","",2025-10-26 18:10:41
tour-of-guangxi,2025,2,Stage 2,Normal stage,15/10,117,Li YouChina,China,"","",2025-10-26 18:10:41
tour-of-guangxi,2025,2,Stage 2,Normal stage,15/10,118,Zhang RongqiChina,China,"","",2025-10-26 18:10:41
tour-of-guangxi,2025,2,Stage 2,Normal stage,15/10,119,Naberman TimTeam Picnic PostNL,Team Picnic PostNL,"","",2025-10-26 18:10:41
tour-of-guangxi,2025,2,Stage 2,Normal stage,15/10,120,Cimolai DavideMovistar Team,Movistar Team,"","",2025-10-26 18:10:41
tour-of-guangxi,2025,2,Stage 2,Normal stage,15/10,121,Shmidt ArtemINEOS Grenadiers,INEOS Grenadiers,"","",2025-10-26 18:10:41
tour-of-guangxi,2025,2,Stage 2,Normal stage,15/10,122,López Juan PedroLidl - Trekfav_gc,Lidl - Trek,"","",2025-10-26 18:10:41
tour-of-guangxi,2025,2,Stage 2,Normal stage,15/10,123,Warlop JordiSoudal Quick-Step,Soudal Quick-Step,"","",2025-10-26 18:10:41
tour-of-guangxi,2025,2,Stage 2,Normal stage,15/10,124,Leijnse EnzoTeam Picnic PostNL,Team Picnic PostNL,"","",2025-10-26 18:10:41
tour-of-guangxi,2025,2,Stage 2,Normal stage,15/10,125,Bauhaus PhilBahrain - Victorious,Bahrain - Victorious,"","",2025-10-26 18:10:41
tour-of-guangxi,2025,2,Stage 2,Normal stage,15/10,126,Černý JosefSoudal Quick-Step,Soudal Quick-Step,"","",2025-10-26 18:10:41
tour-of-guangxi,2025,2,Stage 2,Normal stage,15/10,127,Li ZhenChina,China,"","",2025-10-26 18:10:41
tour-of-guangxi,2025,2,Stage 2,Normal stage,15/10,128,Oliveira RuiUAE Team Emirates - XRG,UAE Team Emirates - XRG,"","",2025-10-26 18:10:41
tour-of-guangxi,2025,2,Stage 2,Normal stage,15/10,129,Shen YutaoChina,China,"","",2025-10-26 18:10:41
tour-of-guangxi,2025,2,Stage 2,Normal stage,15/10,130,Vangheluwe WarreSoudal Quick-Step,Soudal Quick-Step,"","",2025-10-26 18:10:41
tour-of-guangxi,2025,2,Stage 2,Normal stage,15/10,131,Yu JiaqingChina,China,"","",2025-10-26 18:10:41
tour-of-guangxi,2025,2,Stage 2,Normal stage,15/10,132,McLay DanielTeam Visma | Lease a Bike,Team Visma | Lease a Bike,"","",2025-10-26 18:10:41
tour-of-guangxi,2025,2,Stage 2,Normal stage,15/10,133,Kajamini Florian SamuelXDS Astana Team,XDS Astana Team,"","",2025-10-26 18:10:41
tour-of-guangxi,2025,2,Stage 2,Normal stage,15/10,134,Li YuhengChina,China,"","",2025-10-26 18:10:41
tour-of-guangxi,2025,2,Stage 2,Normal stage,15/10,DNF,Pollefliet GianlucaDecathlon AG2R La Mondiale Team,Decathlon AG2R La Mondiale Team,"","",2025-10-26 18:10:41
tour-of-guangxi,2025,2,Stage 2,Normal stage,15/10,DNF,Mollema BaukeLidl - Trek,Lidl - Trek,"","",2025-10-26 18:10:41
tour-of-guangxi,2025,2,Stage 2,Normal stage,15/10,DNS,Consonni SimoneLidl - Trek,Lidl - Trek,"","",2025-10-26 18:10:41
tour-of-guangxi,2025,3,Stage 3,Normal stage,16/10,1,Magnier PaulSoudal Quick-Step,Soudal Quick-Step,40,50,2025-10-26 18:10:41
tour-of-guangxi,2025,3,Stage 3,Normal stage,16/10,2,Meeus JordiRed Bull - BORA - hansgrohe,Red Bull - BORA - hansgrohe,25,30,2025-10-26 18:10:41
tour-of-guangxi,2025,3,Stage 3,Normal stage,16/10,3,Kanter MaxXDS Astana Team,XDS Astana Team,20,18,2025-10-26 18:10:41
tour-of-guangxi,2025,3,Stage 3,Normal stage,16/10,4,Aniołkowski StanisławCofidis,Cofidis,15,13,2025-10-26 18:10:41
tour-of-guangxi,2025,3,Stage 3,Normal stage,16/10,5,Skerl DanielBahrain - Victorious,Bahrain - Victorious,10,10,2025-10-26 18:10:41
tour-of-guangxi,2025,3,Stage 3,Normal stage,16/10,6,Kogut OdedIsrael - Premier Tech,Israel - Premier Tech,8,7,2025-10-26 18:10:41
tour-of-guangxi,2025,3,Stage 3,Normal stage,16/10,7,Penhoët PaulGroupama - FDJ,Groupama - FDJ,6,4,2025-10-26 18:10:41
tour-of-guangxi,2025,3,Stage 3,Normal stage,16/10,8,Gaviria FernandoMovistar Team,Movistar Team,3,3,2025-10-26 18:10:41
tour-of-guangxi,2025,3,Stage 3,Normal stage,16/10,9,van den Berg MarijnEF Education - EasyPost,EF Education - EasyPost,2,2,2025-10-26 18:10:41
tour-of-guangxi,2025,3,Stage 3,Normal stage,16/10,10,Marit ArneIntermarché - Wanty,Intermarché - Wanty,1,1,2025-10-26 18:10:41
tour-of-guangxi,2025,3,Stage 3,Normal stage,16/10,11,Oliveira RuiUAE Team Emirates - XRG,UAE Team Emirates - XRG,"","",2025-10-26 18:10:41
tour-of-guangxi,2025,3,Stage 3,Normal stage,16/10,12,Heiduk KimINEOS Grenadiers,INEOS Grenadiers,"","",2025-10-26 18:10:41
tour-of-guangxi,2025,3,Stage 3,Normal stage,16/10,13,De Schuyteneer SteffenLotto,Lotto,"","",2025-10-26 18:10:41
tour-of-guangxi,2025,3,Stage 3,Normal stage,16/10,14,Bittner PavelTeam Picnic PostNLfav_gc,Team Picnic PostNL,"","",2025-10-26 18:10:41
tour-of-guangxi,2025,3,Stage 3,Normal stage,16/10,15,Einhorn ItamarIsrael - Premier Tech,Israel - Premier Tech,"","",2025-10-26 18:10:41
tour-of-guangxi,2025,3,Stage 3,Normal stage,16/10,16,Pedersen Rasmus SøjbergDecathlon AG2R La Mondiale Team,Decathlon AG2R La Mondiale Team,"","",2025-10-26 18:10:41
tour-of-guangxi,2025,3,Stage 3,Normal stage,16/10,17,Walscheid MaxTeam Jayco AlUla,Team Jayco AlUla,"","",2025-10-26 18:10:41
tour-of-guangxi,2025,3,Stage 3,Normal stage,16/10,18,Bower LewisGroupama - FDJ,Groupama - FDJ,"","",2025-10-26 18:10:41
tour-of-guangxi,2025,3,Stage 3,Normal stage,16/10,19,Norsgaard MathiasMovistar Team,Movistar Team,"","",2025-10-26 18:10:41
tour-of-guangxi,2025,3,Stage 3,Normal stage,16/10,20,Paquot TomIntermarché - Wanty,Intermarché - Wanty,"","",2025-10-26 18:10:41
tour-of-guangxi,2025,3,Stage 3,Normal stage,16/10,21,Hatherly AlanTeam Jayco AlUla,Team Jayco AlUla,"","",2025-10-26 18:10:41
tour-of-guangxi,2025,3,Stage 3,Normal stage,16/10,22,Lozouet LéandreArkéa - B&B Hotels,Arkéa - B&B Hotels,"","",2025-10-26 18:10:41
tour-of-guangxi,2025,3,Stage 3,Normal stage,16/10,23,Le Berre MathisArkéa - B&B Hotels,Arkéa - B&B Hotels,"","",2025-10-26 18:10:41
tour-of-guangxi,2025,3,Stage 3,Normal stage,16/10,24,Shmidt ArtemINEOS Grenadiers,INEOS Grenadiers,"","",2025-10-26 18:10:41
tour-of-guangxi,2025,3,Stage 3,Normal stage,16/10,25,Adrià RogerRed Bull - BORA - hansgrohe,Red Bull - BORA - hansgrohe,"","",2025-10-26 18:10:41
tour-of-guangxi,2025,3,Stage 3,Normal stage,16/10,26,Rochas RémyGroupama - FDJ,Groupama - FDJ,"","",2025-10-26 18:10:41
tour-of-guangxi,2025,3,Stage 3,Normal stage,16/10,27,Charmig AnthonXDS Astana Team,XDS Astana Team,"","",2025-10-26 18:10:41
tour-of-guangxi,2025,3,Stage 3,Normal stage,16/10,28,Paleni EnzoGroupama - FDJ,Groupama - FDJ,"","",2025-10-26 18:10:41
tour-of-guangxi,2025,3,Stage 3,Normal stage,16/10,29,Behrens NiklasTeam Visma | Lease a Bike,Team Visma | Lease a Bike,"","",2025-10-26 18:10:41
tour-of-guangxi,2025,3,Stage 3,Normal stage,16/10,30,Double PaulTeam Jayco AlUlafav_gc,Team Jayco AlUla,"","",2025-10-26 18:10:41
tour-of-guangxi,2025,3,Stage 3,Normal stage,16/10,31,Pedrero AntonioMovistar Team,Movistar Team,"","",2025-10-26 18:10:41
tour-of-guangxi,2025,3,Stage 3,Normal stage,16/10,32,Bilbao PelloBahrain - Victoriousfav_gc,Bahrain - Victorious,"","",2025-10-26 18:10:41
tour-of-guangxi,2025,3,Stage 3,Normal stage,16/10,33,Christen JanUAE Team Emirates - XRGfav_gc,UAE Team Emirates - XRG,"","",2025-10-26 18:10:41
tour-of-guangxi,2025,3,Stage 3,Normal stage,16/10,34,Dewulf StanDecathlon AG2R La Mondiale Team,Decathlon AG2R La Mondiale Team,"","",2025-10-26 18:10:41
tour-of-guangxi,2025,3,Stage 3,Normal stage,16/10,35,Le Huitouze EddyGroupama - FDJ,Groupama - FDJ,"","",2025-10-26 18:10:41
tour-of-guangxi,2025,3,Stage 3,Normal stage,16/10,36,Bauhaus PhilBahrain - Victorious,Bahrain - Victorious,"","",2025-10-26 18:10:41
tour-of-guangxi,2025,3,Stage 3,Normal stage,16/10,37,Nordhagen JørgenTeam Visma | Lease a Bike,Team Visma | Lease a Bike,"","",2025-10-26 18:10:41
tour-of-guangxi,2025,3,Stage 3,Normal stage,16/10,38,Uijtdebroeks CianTeam Visma | Lease a Bikefav_gc,Team Visma | Lease a Bike,"","",2025-10-26 18:10:41
tour-of-guangxi,2025,3,Stage 3,Normal stage,16/10,39,Wandahl FrederikRed Bull - BORA - hansgrohe,Red Bull - BORA - hansgrohe,"","",2025-10-26 18:10:41
tour-of-guangxi,2025,3,Stage 3,Normal stage,16/10,40,Pescador DiegoMovistar Team,Movistar Team,"","",2025-10-26 18:10:41
tour-of-guangxi,2025,3,Stage 3,Normal stage,16/10,41,Faure Prost AlexyIntermarché - Wanty,Intermarché - Wanty,"","",2025-10-26 18:10:41
tour-of-guangxi,2025,3,Stage 3,Normal stage,16/10,42,Van Gestel DriesSoudal Quick-Step,Soudal Quick-Step,"","",2025-10-26 18:10:41
tour-of-guangxi,2025,3,Stage 3,Normal stage,16/10,43,Honoré Mikkel FrølichEF Education - EasyPost,EF Education - EasyPost,"","",2025-10-26 18:10:41
tour-of-guangxi,2025,3,Stage 3,Normal stage,16/10,44,Davy ClémentGroupama - FDJ,Groupama - FDJ,"","",2025-10-26 18:10:41
tour-of-guangxi,2025,3,Stage 3,Normal stage,16/10,45,Peters NansDecathlon AG2R La Mondiale Team,Decathlon AG2R La Mondiale Team,"","",2025-10-26 18:10:41
tour-of-guangxi,2025,3,Stage 3,Normal stage,16/10,46,Geniets KevinGroupama - FDJ,Groupama - FDJ,"","",2025-10-26 18:10:41
tour-of-guangxi,2025,3,Stage 3,Normal stage,16/10,47,Lafay VictorDecathlon AG2R La Mondiale Team,Decathlon AG2R La Mondiale Team,"","",2025-10-26 18:10:41
tour-of-guangxi,2025,3,Stage 3,Normal stage,16/10,48,Leonard MichaelINEOS Grenadiers,INEOS Grenadiers,"","",2025-10-26 18:10:41
tour-of-guangxi,2025,3,Stage 3,Normal stage,16/10,49,Oomen SamLidl - Trek,Lidl - Trek,"","",2025-10-26 18:10:41
tour-of-guangxi,2025,3,Stage 3,Normal stage,16/10,50,Sütterlin JashaTeam Jayco AlUla,Team Jayco AlUla,"","",2025-10-26 18:10:41
tour-of-guangxi,2025,3,Stage 3,Normal stage,16/10,51,Paasschens MathijsBahrain - Victorious,Bahrain - Victorious,"","",2025-10-26 18:10:41
tour-of-guangxi,2025,3,Stage 3,Normal stage,16/10,52,Dinham MatthewTeam Picnic PostNL,Team Picnic PostNL,"","",2025-10-26 18:10:41
tour-of-guangxi,2025,3,Stage 3,Normal stage,16/10,53,Raisberg NadavIsrael - Premier Tech,Israel - Premier Tech,"","",2025-10-26 18:10:41
tour-of-guangxi,2025,3,Stage 3,Normal stage,16/10,54,Debeaumarché NicolasCofidis,Cofidis,"","",2025-10-26 18:10:41
tour-of-guangxi,2025,3,Stage 3,Normal stage,16/10,55,Colleoni KevinIntermarché - Wanty,Intermarché - Wanty,"","",2025-10-26 18:10:41
tour-of-guangxi,2025,3,Stage 3,Normal stage,16/10,56,Mühlberger GregorMovistar Teamfav_gc,Movistar Team,"","",2025-10-26 18:10:41
tour-of-guangxi,2025,3,Stage 3,Normal stage,16/10,57,van den Broek FrankTeam Picnic PostNL,Team Picnic PostNL,"","",2025-10-26 18:10:41
tour-of-guangxi,2025,3,Stage 3,Normal stage,16/10,58,Allegaert PietCofidis,Cofidis,"","",2025-10-26 18:10:41
tour-of-guangxi,2025,3,Stage 3,Normal stage,16/10,59,Ermakov RomanBahrain - Victorious,Bahrain - Victorious,"","",2025-10-26 18:10:41
tour-of-guangxi,2025,3,Stage 3,Normal stage,16/10,60,Lutsenko AlexeyIsrael - Premier Tech,Israel - Premier Tech,"","",2025-10-26 18:10:41
tour-of-guangxi,2025,3,Stage 3,Normal stage,16/10,61,Moniquet SylvainCofidis,Cofidis,"","",2025-10-26 18:10:41
tour-of-guangxi,2025,3,Stage 3,Normal stage,16/10,62,Currie LoganLotto,Lotto,"","",2025-10-26 18:10:41
tour-of-guangxi,2025,3,Stage 3,Normal stage,16/10,63,Maas JanCofidis,Cofidis,"","",2025-10-26 18:10:41
tour-of-guangxi,2025,3,Stage 3,Normal stage,16/10,64,Narváez JhonatanUAE Team Emirates - XRGfav_gc,UAE Team Emirates - XRG,"","",2025-10-26 18:10:41
tour-of-guangxi,2025,3,Stage 3,Normal stage,16/10,65,Sepúlveda EduardoLotto,Lotto,"","",2025-10-26 18:10:41
tour-of-guangxi,2025,3,Stage 3,Normal stage,16/10,66,Donaldson RobertTeam Jayco AlUla,Team Jayco AlUla,"","",2025-10-26 18:10:41
tour-of-guangxi,2025,3,Stage 3,Normal stage,16/10,67,Higuita SergioXDS Astana Teamfav_gc,XDS Astana Team,"","",2025-10-26 18:10:41
tour-of-guangxi,2025,3,Stage 3,Normal stage,16/10,68,Beloki MarkelEF Education - EasyPost,EF Education - EasyPost,"","",2025-10-26 18:10:41
tour-of-guangxi,2025,3,Stage 3,Normal stage,16/10,69,Huby AntoineSoudal Quick-Step,Soudal Quick-Step,"","",2025-10-26 18:10:41
tour-of-guangxi,2025,3,Stage 3,Normal stage,16/10,70,Nerurkar LukasEF Education - EasyPost,EF Education - EasyPost,"","",2025-10-26 18:10:41
tour-of-guangxi,2025,3,Stage 3,Normal stage,16/10,71,Zwiehoff BenRed Bull - BORA - hansgrohe,Red Bull - BORA - hansgrohe,"","",2025-10-26 18:10:41
tour-of-guangxi,2025,3,Stage 3,Normal stage,16/10,72,Graat TijmenTeam Visma | Lease a Bike,Team Visma | Lease a Bike,"","",2025-10-26 18:10:41
tour-of-guangxi,2025,3,Stage 3,Normal stage,16/10,73,Großschartner FelixUAE Team Emirates - XRGfav_gc,UAE Team Emirates - XRG,"","",2025-10-26 18:10:41
tour-of-guangxi,2025,3,Stage 3,Normal stage,16/10,74,van Uden CasperTeam Picnic PostNL,Team Picnic PostNL,"","",2025-10-26 18:10:41
tour-of-guangxi,2025,3,Stage 3,Normal stage,16/10,75,Gibbons Ryan Lidl - Trek,Lidl - Trek,"","",2025-10-26 18:10:41
tour-of-guangxi,2025,3,Stage 3,Normal stage,16/10,76,Paret-Peintre AurélienDecathlon AG2R La Mondiale Teamfav_gc,Decathlon AG2R La Mondiale Team,"","",2025-10-26 18:10:41
tour-of-guangxi,2025,3,Stage 3,Normal stage,16/10,77,Hajek AlexanderRed Bull - BORA - hansgrohe,Red Bull - BORA - hansgrohe,"","",2025-10-26 18:10:41
tour-of-guangxi,2025,3,Stage 3,Normal stage,16/10,78,Gloag ThomasTeam Visma | Lease a Bike,Team Visma | Lease a Bike,"","",2025-10-26 18:10:41
tour-of-guangxi,2025,3,Stage 3,Normal stage,16/10,79,Su HaoyuXDS Astana Team,XDS Astana Team,"","",2025-10-26 18:10:41
tour-of-guangxi,2025,3,Stage 3,Normal stage,16/10,80,Craps LarsLotto,Lotto,"","",2025-10-26 18:10:41
tour-of-guangxi,2025,3,Stage 3,Normal stage,16/10,81,Valter AttilaTeam Visma | Lease a Bike,Team Visma | Lease a Bike,"","",2025-10-26 18:10:41
tour-of-guangxi,2025,3,Stage 3,Normal stage,16/10,82,Geoghegan Hart TaoLidl - Trek,Lidl - Trek,"","",2025-10-26 18:10:41
tour-of-guangxi,2025,3,Stage 3,Normal stage,16/10,83,Herrada JesúsCofidis,Cofidis,"","",2025-10-26 18:10:41
tour-of-guangxi,2025,3,Stage 3,Normal stage,16/10,84,Van Hoecke GijsIntermarché - Wanty,Intermarché - Wanty,"","",2025-10-26 18:10:41
tour-of-guangxi,2025,3,Stage 3,Normal stage,16/10,85,Arrieta IgorUAE Team Emirates - XRG,UAE Team Emirates - XRG,"","",2025-10-26 18:10:41
tour-of-guangxi,2025,3,Stage 3,Normal stage,16/10,86,Schultz NickIsrael - Premier Tech,Israel - Premier Tech,"","",2025-10-26 18:10:41
tour-of-guangxi,2025,3,Stage 3,Normal stage,16/10,87,August AndrewINEOS Grenadiers,INEOS Grenadiers,"","",2025-10-26 18:10:41
tour-of-guangxi,2025,3,Stage 3,Normal stage,16/10,88,Bonneu KamielIntermarché - Wanty,Intermarché - Wanty,"","",2025-10-26 18:10:41
tour-of-guangxi,2025,3,Stage 3,Normal stage,16/10,89,Li YouChina,China,"","",2025-10-26 18:10:41
tour-of-guangxi,2025,3,Stage 3,Normal stage,16/10,90,Øxenberg Peter INEOS Grenadiers,INEOS Grenadiers,"","",2025-10-26 18:10:41
tour-of-guangxi,2025,3,Stage 3,Normal stage,16/10,91,Raccagni Noviero AndreaSoudal Quick-Step,Soudal Quick-Step,"","",2025-10-26 18:10:41
tour-of-guangxi,2025,3,Stage 3,Normal stage,16/10,92,van der Meulen MaxBahrain - Victorious,Bahrain - Victorious,"","",2025-10-26 18:10:41
tour-of-guangxi,2025,3,Stage 3,Normal stage,16/10,93,Masnada FaustoXDS Astana Team,XDS Astana Team,"","",2025-10-26 18:10:41
tour-of-guangxi,2025,3,Stage 3,Normal stage,16/10,94,Slock Liam Lotto,Lotto,"","",2025-10-26 18:10:41
tour-of-guangxi,2025,3,Stage 3,Normal stage,16/10,95,Rodríguez ÓscarINEOS Grenadiers,INEOS Grenadiers,"","",2025-10-26 18:10:41
tour-of-guangxi,2025,3,Stage 3,Normal stage,16/10,96,Buchmann EmanuelCofidisfav_gc,Cofidis,"","",2025-10-26 18:10:41
tour-of-guangxi,2025,3,Stage 3,Normal stage,16/10,97,Ries MichelArkéa - B&B Hotels,Arkéa - B&B Hotels,"","",2025-10-26 18:10:41
tour-of-guangxi,2025,3,Stage 3,Normal stage,16/10,98,Rouland LouisArkéa - B&B Hotels,Arkéa - B&B Hotels,"","",2025-10-26 18:10:41
tour-of-guangxi,2025,3,Stage 3,Normal stage,16/10,99,Guglielmi Simon Arkéa - B&B Hotels,Arkéa - B&B Hotels,"","",2025-10-26 18:10:41
tour-of-guangxi,2025,3,Stage 3,Normal stage,16/10,100,Busatto FrancescoIntermarché - Wanty,Intermarché - Wanty,"","",2025-10-26 18:10:41
tour-of-guangxi,2025,3,Stage 3,Normal stage,16/10,101,Pasqualon AndreaBahrain - Victorious,Bahrain - Victorious,"","",2025-10-26 18:10:41
tour-of-guangxi,2025,3,Stage 3,Normal stage,16/10,102,Oliveira IvoUAE Team Emirates - XRG,UAE Team Emirates - XRG,"","",2025-10-26 18:10:41
tour-of-guangxi,2025,3,Stage 3,Normal stage,16/10,103,Costiou EwenArkéa - B&B Hotelsfav_gc,Arkéa - B&B Hotels,"","",2025-10-26 18:10:41
tour-of-guangxi,2025,3,Stage 3,Normal stage,16/10,104,Johansen JuliusUAE Team Emirates - XRG,UAE Team Emirates - XRG,"","",2025-10-26 18:10:41
tour-of-guangxi,2025,3,Stage 3,Normal stage,16/10,105,Doull OwainEF Education - EasyPost,EF Education - EasyPost,"","",2025-10-26 18:10:41
tour-of-guangxi,2025,3,Stage 3,Normal stage,16/10,106,Naberman TimTeam Picnic PostNL,Team Picnic PostNL,"","",2025-10-26 18:10:41
tour-of-guangxi,2025,3,Stage 3,Normal stage,16/10,107,Li YuhengChina,China,"","",2025-10-26 18:10:41
tour-of-guangxi,2025,3,Stage 3,Normal stage,16/10,108,Giddings JoshuaLotto,Lotto,"","",2025-10-26 18:10:41
tour-of-guangxi,2025,3,Stage 3,Normal stage,16/10,109,Thompson ReubenLotto,Lotto,"","",2025-10-26 18:10:41
tour-of-guangxi,2025,3,Stage 3,Normal stage,16/10,110,Mullen RyanRed Bull - BORA - hansgrohe,Red Bull - BORA - hansgrohe,"","",2025-10-26 18:10:41
tour-of-guangxi,2025,3,Stage 3,Normal stage,16/10,111,Gautherat PierreDecathlon AG2R La Mondiale Team,Decathlon AG2R La Mondiale Team,"","",2025-10-26 18:10:41
tour-of-guangxi,2025,3,Stage 3,Normal stage,16/10,112,Valgren MichaelEF Education - EasyPost,EF Education - EasyPost,"","",2025-10-26 18:10:41
tour-of-guangxi,2025,3,Stage 3,Normal stage,16/10,113,Zhang RongqiChina,China,"","",2025-10-26 18:10:41
tour-of-guangxi,2025,3,Stage 3,Normal stage,16/10,114,Teng GengChina,China,"","",2025-10-26 18:10:41
tour-of-guangxi,2025,3,Stage 3,Normal stage,16/10,115,López Juan PedroLidl - Trekfav_gc,Lidl - Trek,"","",2025-10-26 18:10:41
tour-of-guangxi,2025,3,Stage 3,Normal stage,16/10,116,Maciejuk FilipRed Bull - BORA - hansgrohe,Red Bull - BORA - hansgrohe,"","",2025-10-26 18:10:41
tour-of-guangxi,2025,3,Stage 3,Normal stage,16/10,117,Eddy PatrickTeam Picnic PostNL,Team Picnic PostNL,"","",2025-10-26 18:10:41
tour-of-guangxi,2025,3,Stage 3,Normal stage,16/10,118,Mezgec LukaTeam Jayco AlUla,Team Jayco AlUla,"","",2025-10-26 18:10:41
tour-of-guangxi,2025,3,Stage 3,Normal stage,16/10,119,Gamper PatrickTeam Jayco AlUla,Team Jayco AlUla,"","",2025-10-26 18:10:41
tour-of-guangxi,2025,3,Stage 3,Normal stage,16/10,120,Walker MaxEF Education - EasyPost,EF Education - EasyPost,"","",2025-10-26 18:10:41
tour-of-guangxi,2025,3,Stage 3,Normal stage,16/10,121,Leijnse EnzoTeam Picnic PostNL,Team Picnic PostNL,"","",2025-10-26 18:10:41
tour-of-guangxi,2025,3,Stage 3,Normal stage,16/10,122,Pickrell RileyIsrael - Premier Tech,Israel - Premier Tech,"","",2025-10-26 18:10:41
tour-of-guangxi,2025,3,Stage 3,Normal stage,16/10,123,Shen YutaoChina,China,"","",2025-10-26 18:10:41
tour-of-guangxi,2025,3,Stage 3,Normal stage,16/10,124,Černý JosefSoudal Quick-Step,Soudal Quick-Step,"","",2025-10-26 18:10:41
tour-of-guangxi,2025,3,Stage 3,Normal stage,16/10,125,Cimolai DavideMovistar Team,Movistar Team,"","",2025-10-26 18:10:41
tour-of-guangxi,2025,3,Stage 3,Normal stage,16/10,126,McLay DanielTeam Visma | Lease a Bike,Team Visma | Lease a Bike,"","",2025-10-26 18:10:41
tour-of-guangxi,2025,3,Stage 3,Normal stage,16/10,127,Vangheluwe WarreSoudal Quick-Step,Soudal Quick-Step,"","",2025-10-26 18:10:41
tour-of-guangxi,2025,3,Stage 3,Normal stage,16/10,128,Li ZhenChina,China,"","",2025-10-26 18:10:41
tour-of-guangxi,2025,3,Stage 3,Normal stage,16/10,129,Warlop JordiSoudal Quick-Step,Soudal Quick-Step,"","",2025-10-26 18:10:41
tour-of-guangxi,2025,3,Stage 3,Normal stage,16/10,130,Kajamini Florian SamuelXDS Astana Team,XDS Astana Team,"","",2025-10-26 18:10:41
tour-of-guangxi,2025,3,Stage 3,Normal stage,16/10,131,Yu JiaqingChina,China,"","",2025-10-26 18:10:41
tour-of-guangxi,2025,3,Stage 3,Normal stage,16/10,DNF,Skjelmose MattiasLidl - Trek,Lidl - Trek,"","",2025-10-26 18:10:41
tour-of-guangxi,2025,3,Stage 3,Normal stage,16/10,DNS,Mozzato LucaArkéa - B&B Hotels,Arkéa - B&B Hotels,"","",2025-10-26 18:10:41
tour-of-guangxi,2025,3,Stage 3,Normal stage,16/10,DNS,López Harold MartínXDS Astana Team,XDS Astana Team,"","",2025-10-26 18:10:41
tour-of-guangxi,2025,4,Stage 4,Normal stage,17/10,1,Magnier PaulSoudal Quick-Step,Soudal Quick-Step,40,50,2025-10-26 18:10:41
tour-of-guangxi,2025,4,Stage 4,Normal stage,17/10,2,Bittner PavelTeam Picnic PostNLfav_gc,Team Picnic PostNL,25,30,2025-10-26 18:10:41
tour-of-guangxi,2025,4,Stage 4,Normal stage,17/10,3,Meeus JordiRed Bull - BORA - hansgrohe,Red Bull - BORA - hansgrohe,20,18,2025-10-26 18:10:41
tour-of-guangxi,2025,4,Stage 4,Normal stage,17/10,4,Penhoët PaulGroupama - FDJ,Groupama - FDJ,15,13,2025-10-26 18:10:41
tour-of-guangxi,2025,4,Stage 4,Normal stage,17/10,5,Gaviria FernandoMovistar Team,Movistar Team,10,10,2025-10-26 18:10:41
tour-of-guangxi,2025,4,Stage 4,Normal stage,17/10,6,Pasqualon AndreaBahrain - Victorious,Bahrain - Victorious,8,7,2025-10-26 18:10:41
tour-of-guangxi,2025,4,Stage 4,Normal stage,17/10,7,Marit ArneIntermarché - Wanty,Intermarché - Wanty,6,4,2025-10-26 18:10:41
tour-of-guangxi,2025,4,Stage 4,Normal stage,17/10,8,Heiduk KimINEOS Grenadiers,INEOS Grenadiers,3,3,2025-10-26 18:10:41
tour-of-guangxi,2025,4,Stage 4,Normal stage,17/10,9,Walscheid MaxTeam Jayco AlUla,Team Jayco AlUla,2,2,2025-10-26 18:10:41
tour-of-guangxi,2025,4,Stage 4,Normal stage,17/10,10,Oliveira IvoUAE Team Emirates - XRG,UAE Team Emirates - XRG,1,1,2025-10-26 18:10:41
tour-of-guangxi,2025,4,Stage 4,Normal stage,17/10,11,Aniołkowski StanisławCofidis,Cofidis,"","",2025-10-26 18:10:41
tour-of-guangxi,2025,4,Stage 4,Normal stage,17/10,12,Einhorn ItamarIsrael - Premier Tech,Israel - Premier Tech,"","",2025-10-26 18:10:41
tour-of-guangxi,2025,4,Stage 4,Normal stage,17/10,13,Le Berre MathisArkéa - B&B Hotels,Arkéa - B&B Hotels,"","",2025-10-26 18:10:41
tour-of-guangxi,2025,4,Stage 4,Normal stage,17/10,14,De Schuyteneer SteffenLotto,Lotto,"","",2025-10-26 18:10:41
tour-of-guangxi,2025,4,Stage 4,Normal stage,17/10,15,Slock LiamLotto,Lotto,"","",2025-10-26 18:10:41
tour-of-guangxi,2025,4,Stage 4,Normal stage,17/10,16,Pedersen Rasmus SøjbergDecathlon AG2R La Mondiale Team,Decathlon AG2R La Mondiale Team,"","",2025-10-26 18:10:41
tour-of-guangxi,2025,4,Stage 4,Normal stage,17/10,17,Lozouet LéandreArkéa - B&B Hotels,Arkéa - B&B Hotels,"","",2025-10-26 18:10:41
tour-of-guangxi,2025,4,Stage 4,Normal stage,17/10,18,Mühlberger GregorMovistar Teamfav_gc,Movistar Team,"","",2025-10-26 18:10:41
tour-of-guangxi,2025,4,Stage 4,Normal stage,17/10,19,Kanter MaxXDS Astana Team,XDS Astana Team,"","",2025-10-26 18:10:41
tour-of-guangxi,2025,4,Stage 4,Normal stage,17/10,20,Adrià RogerRed Bull - BORA - hansgrohe,Red Bull - BORA - hansgrohe,"","",2025-10-26 18:10:41
tour-of-guangxi,2025,4,Stage 4,Normal stage,17/10,21,van den Berg MarijnEF Education - EasyPost,EF Education - EasyPost,"","",2025-10-26 18:10:41
tour-of-guangxi,2025,4,Stage 4,Normal stage,17/10,22,Bilbao PelloBahrain - Victoriousfav_gc,Bahrain - Victorious,"","",2025-10-26 18:10:41
tour-of-guangxi,2025,4,Stage 4,Normal stage,17/10,23,Honoré Mikkel FrølichEF Education - EasyPost,EF Education - EasyPost,"","",2025-10-26 18:10:41
tour-of-guangxi,2025,4,Stage 4,Normal stage,17/10,24,Faure Prost AlexyIntermarché - Wanty,Intermarché - Wanty,"","",2025-10-26 18:10:41
tour-of-guangxi,2025,4,Stage 4,Normal stage,17/10,25,Van Gestel DriesSoudal Quick-Step,Soudal Quick-Step,"","",2025-10-26 18:10:41
tour-of-guangxi,2025,4,Stage 4,Normal stage,17/10,26,Gautherat PierreDecathlon AG2R La Mondiale Team,Decathlon AG2R La Mondiale Team,"","",2025-10-26 18:10:41
tour-of-guangxi,2025,4,Stage 4,Normal stage,17/10,27,Donaldson RobertTeam Jayco AlUla,Team Jayco AlUla,"","",2025-10-26 18:10:41
tour-of-guangxi,2025,4,Stage 4,Normal stage,17/10,28,Pescador DiegoMovistar Team,Movistar Team,"","",2025-10-26 18:10:41
tour-of-guangxi,2025,4,Stage 4,Normal stage,17/10,29,Norsgaard MathiasMovistar Team,Movistar Team,"","",2025-10-26 18:10:41
tour-of-guangxi,2025,4,Stage 4,Normal stage,17/10,30,Moniquet SylvainCofidis,Cofidis,"","",2025-10-26 18:10:41
tour-of-guangxi,2025,4,Stage 4,Normal stage,17/10,31,Hatherly AlanTeam Jayco AlUla,Team Jayco AlUla,"","",2025-10-26 18:10:41
tour-of-guangxi,2025,4,Stage 4,Normal stage,17/10,32,Peters NansDecathlon AG2R La Mondiale Team,Decathlon AG2R La Mondiale Team,"","",2025-10-26 18:10:41
tour-of-guangxi,2025,4,Stage 4,Normal stage,17/10,33,Christen JanUAE Team Emirates - XRGfav_gc,UAE Team Emirates - XRG,"","",2025-10-26 18:10:41
tour-of-guangxi,2025,4,Stage 4,Normal stage,17/10,34,Gibbons RyanLidl - Trek,Lidl - Trek,"","",2025-10-26 18:10:41
tour-of-guangxi,2025,4,Stage 4,Normal stage,17/10,35,Pedrero AntonioMovistar Team,Movistar Team,"","",2025-10-26 18:10:41
tour-of-guangxi,2025,4,Stage 4,Normal stage,17/10,36,Maas JanCofidis,Cofidis,"","",2025-10-26 18:10:41
tour-of-guangxi,2025,4,Stage 4,Normal stage,17/10,37,Valter AttilaTeam Visma | Lease a Bike,Team Visma | Lease a Bike,"","",2025-10-26 18:10:41
tour-of-guangxi,2025,4,Stage 4,Normal stage,17/10,38,van den Broek FrankTeam Picnic PostNL,Team Picnic PostNL,"","",2025-10-26 18:10:41
tour-of-guangxi,2025,4,Stage 4,Normal stage,17/10,39,Wandahl FrederikRed Bull - BORA - hansgrohe,Red Bull - BORA - hansgrohe,"","",2025-10-26 18:10:41
tour-of-guangxi,2025,4,Stage 4,Normal stage,17/10,40,Ermakov RomanBahrain - Victorious,Bahrain - Victorious,"","",2025-10-26 18:10:41
tour-of-guangxi,2025,4,Stage 4,Normal stage,17/10,41,Double PaulTeam Jayco AlUlafav_gc,Team Jayco AlUla,"","",2025-10-26 18:10:41
tour-of-guangxi,2025,4,Stage 4,Normal stage,17/10,42,Nordhagen JørgenTeam Visma | Lease a Bike,Team Visma | Lease a Bike,"","",2025-10-26 18:10:41
tour-of-guangxi,2025,4,Stage 4,Normal stage,17/10,43,Thompson ReubenLotto,Lotto,"","",2025-10-26 18:10:41
tour-of-guangxi,2025,4,Stage 4,Normal stage,17/10,44,Eddy PatrickTeam Picnic PostNL,Team Picnic PostNL,"","",2025-10-26 18:10:41
tour-of-guangxi,2025,4,Stage 4,Normal stage,17/10,45,Beloki MarkelEF Education - EasyPost,EF Education - EasyPost,"","",2025-10-26 18:10:41
tour-of-guangxi,2025,4,Stage 4,Normal stage,17/10,46,Dinham MatthewTeam Picnic PostNL,Team Picnic PostNL,"","",2025-10-26 18:10:41
tour-of-guangxi,2025,4,Stage 4,Normal stage,17/10,47,Uijtdebroeks CianTeam Visma | Lease a Bikefav_gc,Team Visma | Lease a Bike,"","",2025-10-26 18:10:41
tour-of-guangxi,2025,4,Stage 4,Normal stage,17/10,48,Colleoni KevinIntermarché - Wanty,Intermarché - Wanty,"","",2025-10-26 18:10:41
tour-of-guangxi,2025,4,Stage 4,Normal stage,17/10,49,Geniets KevinGroupama - FDJ,Groupama - FDJ,-25,"",2025-10-26 18:10:41
tour-of-guangxi,2025,4,Stage 4,Normal stage,17/10,50,Rochas RémyGroupama - FDJ,Groupama - FDJ,"","",2025-10-26 18:10:41
tour-of-guangxi,2025,4,Stage 4,Normal stage,17/10,51,Hajek AlexanderRed Bull - BORA - hansgrohe,Red Bull - BORA - hansgrohe,"","",2025-10-26 18:10:41
tour-of-guangxi,2025,4,Stage 4,Normal stage,17/10,52,Schultz NickIsrael - Premier Tech,Israel - Premier Tech,"","",2025-10-26 18:10:41
tour-of-guangxi,2025,4,Stage 4,Normal stage,17/10,53,Zwiehoff BenRed Bull - BORA - hansgrohe,Red Bull - BORA - hansgrohe,"","",2025-10-26 18:10:41
tour-of-guangxi,2025,4,Stage 4,Normal stage,17/10,54,Oomen SamLidl - Trek,Lidl - Trek,"","",2025-10-26 18:10:41
tour-of-guangxi,2025,4,Stage 4,Normal stage,17/10,55,Raccagni Noviero AndreaSoudal Quick-Step,Soudal Quick-Step,"","",2025-10-26 18:10:41
tour-of-guangxi,2025,4,Stage 4,Normal stage,17/10,56,van der Meulen MaxBahrain - Victorious,Bahrain - Victorious,"","",2025-10-26 18:10:41
tour-of-guangxi,2025,4,Stage 4,Normal stage,17/10,57,Graat TijmenTeam Visma | Lease a Bike,Team Visma | Lease a Bike,"","",2025-10-26 18:10:41
tour-of-guangxi,2025,4,Stage 4,Normal stage,17/10,58,Craps LarsLotto,Lotto,"","",2025-10-26 18:10:41
tour-of-guangxi,2025,4,Stage 4,Normal stage,17/10,59,Huby AntoineSoudal Quick-Step,Soudal Quick-Step,"","",2025-10-26 18:10:41
tour-of-guangxi,2025,4,Stage 4,Normal stage,17/10,60,August AndrewINEOS Grenadiers,INEOS Grenadiers,"","",2025-10-26 18:10:41
tour-of-guangxi,2025,4,Stage 4,Normal stage,17/10,61,Lafay VictorDecathlon AG2R La Mondiale Team,Decathlon AG2R La Mondiale Team,"","",2025-10-26 18:10:41
tour-of-guangxi,2025,4,Stage 4,Normal stage,17/10,62,Großschartner FelixUAE Team Emirates - XRGfav_gc,UAE Team Emirates - XRG,"","",2025-10-26 18:10:41
tour-of-guangxi,2025,4,Stage 4,Normal stage,17/10,63,Sepúlveda EduardoLotto,Lotto,"","",2025-10-26 18:10:41
tour-of-guangxi,2025,4,Stage 4,Normal stage,17/10,64,Gloag ThomasTeam Visma | Lease a Bike,Team Visma | Lease a Bike,"","",2025-10-26 18:10:41
tour-of-guangxi,2025,4,Stage 4,Normal stage,17/10,65,Paret-Peintre AurélienDecathlon AG2R La Mondiale Teamfav_gc,Decathlon AG2R La Mondiale Team,"","",2025-10-26 18:10:41
tour-of-guangxi,2025,4,Stage 4,Normal stage,17/10,66,Raisberg NadavIsrael - Premier Tech,Israel - Premier Tech,"","",2025-10-26 18:10:41
tour-of-guangxi,2025,4,Stage 4,Normal stage,17/10,67,Narváez JhonatanUAE Team Emirates - XRGfav_gc,UAE Team Emirates - XRG,"","",2025-10-26 18:10:41
tour-of-guangxi,2025,4,Stage 4,Normal stage,17/10,68,Charmig AnthonXDS Astana Team,XDS Astana Team,"","",2025-10-26 18:10:41
tour-of-guangxi,2025,4,Stage 4,Normal stage,17/10,69,Ries MichelArkéa - B&B Hotels,Arkéa - B&B Hotels,"","",2025-10-26 18:10:41
tour-of-guangxi,2025,4,Stage 4,Normal stage,17/10,70,Dewulf Stan Decathlon AG2R La Mondiale Team,Decathlon AG2R La Mondiale Team,"","",2025-10-26 18:10:41
tour-of-guangxi,2025,4,Stage 4,Normal stage,17/10,71,Geoghegan Hart TaoLidl - Trek,Lidl - Trek,"","",2025-10-26 18:10:41
tour-of-guangxi,2025,4,Stage 4,Normal stage,17/10,72,Cimolai DavideMovistar Team,Movistar Team,"","",2025-10-26 18:10:41
tour-of-guangxi,2025,4,Stage 4,Normal stage,17/10,73,Li YuhengChina,China,"","",2025-10-26 18:10:41
tour-of-guangxi,2025,4,Stage 4,Normal stage,17/10,74,Allegaert PietCofidis,Cofidis,"","",2025-10-26 18:10:41
tour-of-guangxi,2025,4,Stage 4,Normal stage,17/10,75,Leonard Michael INEOS Grenadiers,INEOS Grenadiers,"","",2025-10-26 18:10:41
tour-of-guangxi,2025,4,Stage 4,Normal stage,17/10,76,Nerurkar LukasEF Education - EasyPost,EF Education - EasyPost,"","",2025-10-26 18:10:41
tour-of-guangxi,2025,4,Stage 4,Normal stage,17/10,77,Rouland LouisArkéa - B&B Hotels,Arkéa - B&B Hotels,"","",2025-10-26 18:10:41
tour-of-guangxi,2025,4,Stage 4,Normal stage,17/10,78,Bonneu KamielIntermarché - Wanty,Intermarché - Wanty,"","",2025-10-26 18:10:41
tour-of-guangxi,2025,4,Stage 4,Normal stage,17/10,79,Masnada FaustoXDS Astana Team,XDS Astana Team,"","",2025-10-26 18:10:41
tour-of-guangxi,2025,4,Stage 4,Normal stage,17/10,80,van Uden CasperTeam Picnic PostNL,Team Picnic PostNL,"","",2025-10-26 18:10:41
tour-of-guangxi,2025,4,Stage 4,Normal stage,17/10,81,Sütterlin JashaTeam Jayco AlUla,Team Jayco AlUla,"","",2025-10-26 18:10:41
tour-of-guangxi,2025,4,Stage 4,Normal stage,17/10,82,Rodríguez ÓscarINEOS Grenadiers,INEOS Grenadiers,"","",2025-10-26 18:10:41
tour-of-guangxi,2025,4,Stage 4,Normal stage,17/10,83,Paleni EnzoGroupama - FDJ,Groupama - FDJ,"","",2025-10-26 18:10:41
tour-of-guangxi,2025,4,Stage 4,Normal stage,17/10,84,Paasschens MathijsBahrain - Victorious,Bahrain - Victorious,"","",2025-10-26 18:10:41
tour-of-guangxi,2025,4,Stage 4,Normal stage,17/10,85,Maciejuk FilipRed Bull - BORA - hansgrohe,Red Bull - BORA - hansgrohe,"","",2025-10-26 18:10:41
tour-of-guangxi,2025,4,Stage 4,Normal stage,17/10,86,Øxenberg Peter INEOS Grenadiers,INEOS Grenadiers,"","",2025-10-26 18:10:41
tour-of-guangxi,2025,4,Stage 4,Normal stage,17/10,87,Herrada JesúsCofidis,Cofidis,"","",2025-10-26 18:10:41
tour-of-guangxi,2025,4,Stage 4,Normal stage,17/10,88,Gamper PatrickTeam Jayco AlUla,Team Jayco AlUla,"","",2025-10-26 18:10:41
tour-of-guangxi,2025,4,Stage 4,Normal stage,17/10,89,Valgren Michael EF Education - EasyPost,EF Education - EasyPost,"","",2025-10-26 18:10:41
tour-of-guangxi,2025,4,Stage 4,Normal stage,17/10,90,Van Hoecke GijsIntermarché - Wanty,Intermarché - Wanty,"","",2025-10-26 18:10:41
tour-of-guangxi,2025,4,Stage 4,Normal stage,17/10,91,Mullen RyanRed Bull - BORA - hansgrohe,Red Bull - BORA - hansgrohe,"","",2025-10-26 18:10:41
tour-of-guangxi,2025,4,Stage 4,Normal stage,17/10,92,Costiou EwenArkéa - B&B Hotelsfav_gc,Arkéa - B&B Hotels,"","",2025-10-26 18:10:41
tour-of-guangxi,2025,4,Stage 4,Normal stage,17/10,93,Higuita SergioXDS Astana Teamfav_gc,XDS Astana Team,"","",2025-10-26 18:10:41
tour-of-guangxi,2025,4,Stage 4,Normal stage,17/10,94,Giddings JoshuaLotto,Lotto,"","",2025-10-26 18:10:41
tour-of-guangxi,2025,4,Stage 4,Normal stage,17/10,95,Pickrell RileyIsrael - Premier Tech,Israel - Premier Tech,"","",2025-10-26 18:10:41
tour-of-guangxi,2025,4,Stage 4,Normal stage,17/10,96,Busatto FrancescoIntermarché - Wanty,Intermarché - Wanty,"","",2025-10-26 18:10:41
tour-of-guangxi,2025,4,Stage 4,Normal stage,17/10,97,Arrieta IgorUAE Team Emirates - XRG,UAE Team Emirates - XRG,"","",2025-10-26 18:10:41
tour-of-guangxi,2025,4,Stage 4,Normal stage,17/10,98,Buchmann EmanuelCofidisfav_gc,Cofidis,"","",2025-10-26 18:10:41
tour-of-guangxi,2025,4,Stage 4,Normal stage,17/10,99,Paquot TomIntermarché - Wanty,Intermarché - Wanty,"","",2025-10-26 18:10:41
tour-of-guangxi,2025,4,Stage 4,Normal stage,17/10,100,Mezgec LukaTeam Jayco AlUla,Team Jayco AlUla,"","",2025-10-26 18:10:41
tour-of-guangxi,2025,4,Stage 4,Normal stage,17/10,101,Walker MaxEF Education - EasyPost,EF Education - EasyPost,"","",2025-10-26 18:10:41
tour-of-guangxi,2025,4,Stage 4,Normal stage,17/10,102,Doull OwainEF Education - EasyPost,EF Education - EasyPost,"","",2025-10-26 18:10:41
tour-of-guangxi,2025,4,Stage 4,Normal stage,17/10,103,Debeaumarché NicolasCofidis,Cofidis,"","",2025-10-26 18:10:41
tour-of-guangxi,2025,4,Stage 4,Normal stage,17/10,104,Davy ClémentGroupama - FDJ,Groupama - FDJ,"","",2025-10-26 18:10:41
tour-of-guangxi,2025,4,Stage 4,Normal stage,17/10,105,Shmidt ArtemINEOS Grenadiers,INEOS Grenadiers,"","",2025-10-26 18:10:41
tour-of-guangxi,2025,4,Stage 4,Normal stage,17/10,106,Behrens NiklasTeam Visma | Lease a Bike,Team Visma | Lease a Bike,"","",2025-10-26 18:10:41
tour-of-guangxi,2025,4,Stage 4,Normal stage,17/10,107,Teng GengChina,China,"","",2025-10-26 18:10:41
tour-of-guangxi,2025,4,Stage 4,Normal stage,17/10,108,Guglielmi Simon Arkéa - B&B Hotels,Arkéa - B&B Hotels,"","",2025-10-26 18:10:41
tour-of-guangxi,2025,4,Stage 4,Normal stage,17/10,109,López Juan Pedro Lidl - Trekfav_gc,Lidl - Trek,"","",2025-10-26 18:10:41
tour-of-guangxi,2025,4,Stage 4,Normal stage,17/10,110,Currie Logan Lotto,Lotto,"","",2025-10-26 18:10:41
tour-of-guangxi,2025,4,Stage 4,Normal stage,17/10,111,Černý JosefSoudal Quick-Step,Soudal Quick-Step,"","",2025-10-26 18:10:41
tour-of-guangxi,2025,4,Stage 4,Normal stage,17/10,112,Oliveira RuiUAE Team Emirates - XRG,UAE Team Emirates - XRG,"","",2025-10-26 18:10:41
tour-of-guangxi,2025,4,Stage 4,Normal stage,17/10,113,Su HaoyuXDS Astana Team,XDS Astana Team,"","",2025-10-26 18:10:41
tour-of-guangxi,2025,4,Stage 4,Normal stage,17/10,114,Zhang RongqiChina,China,"","",2025-10-26 18:10:41
tour-of-guangxi,2025,4,Stage 4,Normal stage,17/10,115,Li YouChina,China,"","",2025-10-26 18:10:41
tour-of-guangxi,2025,4,Stage 4,Normal stage,17/10,116,Skerl DanielBahrain - Victorious,Bahrain - Victorious,-25,"",2025-10-26 18:10:41
tour-of-guangxi,2025,4,Stage 4,Normal stage,17/10,117,Bauhaus PhilBahrain - Victorious,Bahrain - Victorious,"","",2025-10-26 18:10:41
tour-of-guangxi,2025,4,Stage 4,Normal stage,17/10,118,Kogut OdedIsrael - Premier Tech,Israel - Premier Tech,"","",2025-10-26 18:10:41
tour-of-guangxi,2025,4,Stage 4,Normal stage,17/10,119,Naberman TimTeam Picnic PostNL,Team Picnic PostNL,"","",2025-10-26 18:10:41
tour-of-guangxi,2025,4,Stage 4,Normal stage,17/10,120,Shen YutaoChina,China,"","",2025-10-26 18:10:41
tour-of-guangxi,2025,4,Stage 4,Normal stage,17/10,121,Johansen JuliusUAE Team Emirates - XRG,UAE Team Emirates - XRG,"","",2025-10-26 18:10:41
tour-of-guangxi,2025,4,Stage 4,Normal stage,17/10,122,Bower LewisGroupama - FDJ,Groupama - FDJ,"","",2025-10-26 18:10:41
tour-of-guangxi,2025,4,Stage 4,Normal stage,17/10,123,Leijnse EnzoTeam Picnic PostNL,Team Picnic PostNL,"","",2025-10-26 18:10:41
tour-of-guangxi,2025,4,Stage 4,Normal stage,17/10,124,Vangheluwe WarreSoudal Quick-Step,Soudal Quick-Step,"","",2025-10-26 18:10:41
tour-of-guangxi,2025,4,Stage 4,Normal stage,17/10,125,Yu JiaqingChina,China,"","",2025-10-26 18:10:41
tour-of-guangxi,2025,4,Stage 4,Normal stage,17/10,126,Warlop JordiSoudal Quick-Step,Soudal Quick-Step,"","",2025-10-26 18:10:41
tour-of-guangxi,2025,4,Stage 4,Normal stage,17/10,DNF,Le Huitouze EddyGroupama - FDJ,Groupama - FDJ,"","",2025-10-26 18:10:41
tour-of-guangxi,2025,4,Stage 4,Normal stage,17/10,DNF,Kajamini Florian SamuelXDS Astana Team,XDS Astana Team,"","",2025-10-26 18:10:41
tour-of-guangxi,2025,4,Stage 4,Normal stage,17/10,DNF,McLay DanielTeam Visma | Lease a Bike,Team Visma | Lease a Bike,"","",2025-10-26 18:10:41
tour-of-guangxi,2025,4,Stage 4,Normal stage,17/10,DNF,Li ZhenChina,China,"","",2025-10-26 18:10:41
tour-of-guangxi,2025,4,Stage 4,Normal stage,17/10,DNF,Lutsenko AlexeyIsrael - Premier Tech,Israel - Premier Tech,"","",2025-10-26 18:10:41
tour-of-guangxi,2025,5,Stage 5,Normal stage,18/10,1,Double PaulTeam Jayco AlUlafav_gc,Team Jayco AlUla,40,50,2025-10-26 18:10:41
tour-of-guangxi,2025,5,Stage 5,Normal stage,18/10,2,Lafay VictorDecathlon AG2R La Mondiale Team,Decathlon AG2R La Mondiale Team,25,30,2025-10-26 18:10:41
tour-of-guangxi,2025,5,Stage 5,Normal stage,18/10,3,Honoré Mikkel FrølichEF Education - EasyPost,EF Education - EasyPost,20,18,2025-10-26 18:10:41
tour-of-guangxi,2025,5,Stage 5,Normal stage,18/10,4,Nordhagen JørgenTeam Visma | Lease a Bike,Team Visma | Lease a Bike,15,13,2025-10-26 18:10:41
tour-of-guangxi,2025,5,Stage 5,Normal stage,18/10,5,Uijtdebroeks CianTeam Visma | Lease a Bikefav_gc,Team Visma | Lease a Bike,10,10,2025-10-26 18:10:41
tour-of-guangxi,2025,5,Stage 5,Normal stage,18/10,6,Narváez JhonatanUAE Team Emirates - XRGfav_gc,UAE Team Emirates - XRG,8,7,2025-10-26 18:10:41
tour-of-guangxi,2025,5,Stage 5,Normal stage,18/10,7,Bonneu KamielIntermarché - Wanty,Intermarché - Wanty,6,4,2025-10-26 18:10:41
tour-of-guangxi,2025,5,Stage 5,Normal stage,18/10,8,Zwiehoff BenRed Bull - BORA - hansgrohe,Red Bull - BORA - hansgrohe,3,3,2025-10-26 18:10:41
tour-of-guangxi,2025,5,Stage 5,Normal stage,18/10,9,Geoghegan Hart TaoLidl - Trek,Lidl - Trek,2,2,2025-10-26 18:10:41
tour-of-guangxi,2025,5,Stage 5,Normal stage,18/10,10,Bilbao PelloBahrain - Victoriousfav_gc,Bahrain - Victorious,1,1,2025-10-26 18:10:41
tour-of-guangxi,2025,5,Stage 5,Normal stage,18/10,11,Nerurkar LukasEF Education - EasyPost,EF Education - EasyPost,"","",2025-10-26 18:10:41
tour-of-guangxi,2025,5,Stage 5,Normal stage,18/10,12,Huby AntoineSoudal Quick-Step,Soudal Quick-Step,"","",2025-10-26 18:10:41
tour-of-guangxi,2025,5,Stage 5,Normal stage,18/10,13,Mühlberger GregorMovistar Teamfav_gc,Movistar Team,"","",2025-10-26 18:10:41
tour-of-guangxi,2025,5,Stage 5,Normal stage,18/10,14,Rochas RémyGroupama - FDJ,Groupama - FDJ,"","",2025-10-26 18:10:41
tour-of-guangxi,2025,5,Stage 5,Normal stage,18/10,15,Craps LarsLotto,Lotto,"","",2025-10-26 18:10:41
tour-of-guangxi,2025,5,Stage 5,Normal stage,18/10,16,Hatherly AlanTeam Jayco AlUla,Team Jayco AlUla,"","",2025-10-26 18:10:41
tour-of-guangxi,2025,5,Stage 5,Normal stage,18/10,17,van den Broek FrankTeam Picnic PostNL,Team Picnic PostNL,"","",2025-10-26 18:10:41
tour-of-guangxi,2025,5,Stage 5,Normal stage,18/10,18,Christen JanUAE Team Emirates - XRGfav_gc,UAE Team Emirates - XRG,"","",2025-10-26 18:10:41
tour-of-guangxi,2025,5,Stage 5,Normal stage,18/10,19,Sepúlveda EduardoLotto,Lotto,"","",2025-10-26 18:10:41
tour-of-guangxi,2025,5,Stage 5,Normal stage,18/10,20,Moniquet SylvainCofidis,Cofidis,"","",2025-10-26 18:10:41
tour-of-guangxi,2025,5,Stage 5,Normal stage,18/10,21,Paleni EnzoGroupama - FDJ,Groupama - FDJ,"","",2025-10-26 18:10:41
tour-of-guangxi,2025,5,Stage 5,Normal stage,18/10,22,Rouland LouisArkéa - B&B Hotels,Arkéa - B&B Hotels,"","",2025-10-26 18:10:41
tour-of-guangxi,2025,5,Stage 5,Normal stage,18/10,23,August AndrewINEOS Grenadiers,INEOS Grenadiers,"","",2025-10-26 18:10:41
tour-of-guangxi,2025,5,Stage 5,Normal stage,18/10,24,Gloag ThomasTeam Visma | Lease a Bike,Team Visma | Lease a Bike,"","",2025-10-26 18:10:41
tour-of-guangxi,2025,5,Stage 5,Normal stage,18/10,25,Higuita SergioXDS Astana Teamfav_gc,XDS Astana Team,"","",2025-10-26 18:10:41
tour-of-guangxi,2025,5,Stage 5,Normal stage,18/10,26,Peters NansDecathlon AG2R La Mondiale Team,Decathlon AG2R La Mondiale Team,"","",2025-10-26 18:10:41
tour-of-guangxi,2025,5,Stage 5,Normal stage,18/10,27,Raccagni Noviero AndreaSoudal Quick-Step,Soudal Quick-Step,"","",2025-10-26 18:10:41
tour-of-guangxi,2025,5,Stage 5,Normal stage,18/10,28,Pescador DiegoMovistar Team,Movistar Team,"","",2025-10-26 18:10:41
tour-of-guangxi,2025,5,Stage 5,Normal stage,18/10,29,Großschartner FelixUAE Team Emirates - XRGfav_gc,UAE Team Emirates - XRG,"","",2025-10-26 18:10:41
tour-of-guangxi,2025,5,Stage 5,Normal stage,18/10,30,Hajek AlexanderRed Bull - BORA - hansgrohe,Red Bull - BORA - hansgrohe,"","",2025-10-26 18:10:41
tour-of-guangxi,2025,5,Stage 5,Normal stage,18/10,31,Thompson ReubenLotto,Lotto,"","",2025-10-26 18:10:41
tour-of-guangxi,2025,5,Stage 5,Normal stage,18/10,32,Øxenberg Peter INEOS Grenadiers,INEOS Grenadiers,"","",2025-10-26 18:10:41
tour-of-guangxi,2025,5,Stage 5,Normal stage,18/10,33,Oomen SamLidl - Trek,Lidl - Trek,"","",2025-10-26 18:10:41
tour-of-guangxi,2025,5,Stage 5,Normal stage,18/10,34,Pedrero AntonioMovistar Team,Movistar Team,"","",2025-10-26 18:10:41
tour-of-guangxi,2025,5,Stage 5,Normal stage,18/10,35,Dinham MatthewTeam Picnic PostNL,Team Picnic PostNL,"","",2025-10-26 18:10:41
tour-of-guangxi,2025,5,Stage 5,Normal stage,18/10,36,Charmig AnthonXDS Astana Team,XDS Astana Team,"","",2025-10-26 18:10:41
tour-of-guangxi,2025,5,Stage 5,Normal stage,18/10,37,Masnada FaustoXDS Astana Team,XDS Astana Team,"","",2025-10-26 18:10:41
tour-of-guangxi,2025,5,Stage 5,Normal stage,18/10,38,Costiou EwenArkéa - B&B Hotelsfav_gc,Arkéa - B&B Hotels,"","",2025-10-26 18:10:41
tour-of-guangxi,2025,5,Stage 5,Normal stage,18/10,39,Le Berre MathisArkéa - B&B Hotels,Arkéa - B&B Hotels,"","",2025-10-26 18:10:41
tour-of-guangxi,2025,5,Stage 5,Normal stage,18/10,40,Gibbons Ryan Lidl - Trek,Lidl - Trek,"","",2025-10-26 18:10:41
tour-of-guangxi,2025,5,Stage 5,Normal stage,18/10,41,Herrada JesúsCofidis,Cofidis,"","",2025-10-26 18:10:41
tour-of-guangxi,2025,5,Stage 5,Normal stage,18/10,42,Buchmann EmanuelCofidisfav_gc,Cofidis,"","",2025-10-26 18:10:41
tour-of-guangxi,2025,5,Stage 5,Normal stage,18/10,43,Su Haoyu XDS Astana Team,XDS Astana Team,"","",2025-10-26 18:10:41
tour-of-guangxi,2025,5,Stage 5,Normal stage,18/10,44,Rodríguez ÓscarINEOS Grenadiers,INEOS Grenadiers,"","",2025-10-26 18:10:41
tour-of-guangxi,2025,5,Stage 5,Normal stage,18/10,45,Raisberg NadavIsrael - Premier Tech,Israel - Premier Tech,"","",2025-10-26 18:10:41
tour-of-guangxi,2025,5,Stage 5,Normal stage,18/10,46,Arrieta IgorUAE Team Emirates - XRG,UAE Team Emirates - XRG,"","",2025-10-26 18:10:41
tour-of-guangxi,2025,5,Stage 5,Normal stage,18/10,47,Eddy PatrickTeam Picnic PostNL,Team Picnic PostNL,"","",2025-10-26 18:10:41
tour-of-guangxi,2025,5,Stage 5,Normal stage,18/10,48,Heiduk KimINEOS Grenadiers,INEOS Grenadiers,"","",2025-10-26 18:10:41
tour-of-guangxi,2025,5,Stage 5,Normal stage,18/10,49,Ermakov RomanBahrain - Victorious,Bahrain - Victorious,"","",2025-10-26 18:10:41
tour-of-guangxi,2025,5,Stage 5,Normal stage,18/10,50,Valter AttilaTeam Visma | Lease a Bike,Team Visma | Lease a Bike,"","",2025-10-26 18:10:41
tour-of-guangxi,2025,5,Stage 5,Normal stage,18/10,51,Faure Prost AlexyIntermarché - Wanty,Intermarché - Wanty,"","",2025-10-26 18:10:41
tour-of-guangxi,2025,5,Stage 5,Normal stage,18/10,52,Adrià RogerRed Bull - BORA - hansgrohe,Red Bull - BORA - hansgrohe,"","",2025-10-26 18:10:41
tour-of-guangxi,2025,5,Stage 5,Normal stage,18/10,53,Sütterlin JashaTeam Jayco AlUla,Team Jayco AlUla,"","",2025-10-26 18:10:41
tour-of-guangxi,2025,5,Stage 5,Normal stage,18/10,54,Beloki MarkelEF Education - EasyPost,EF Education - EasyPost,"","",2025-10-26 18:10:41
tour-of-guangxi,2025,5,Stage 5,Normal stage,18/10,55,van der Meulen MaxBahrain - Victorious,Bahrain - Victorious,"","",2025-10-26 18:10:41
tour-of-guangxi,2025,5,Stage 5,Normal stage,18/10,56,Busatto FrancescoIntermarché - Wanty,Intermarché - Wanty,"","",2025-10-26 18:10:41
tour-of-guangxi,2025,5,Stage 5,Normal stage,18/10,57,Slock LiamLotto,Lotto,"","",2025-10-26 18:10:41
tour-of-guangxi,2025,5,Stage 5,Normal stage,18/10,58,Wandahl FrederikRed Bull - BORA - hansgrohe,Red Bull - BORA - hansgrohe,"","",2025-10-26 18:10:41
tour-of-guangxi,2025,5,Stage 5,Normal stage,18/10,59,Oliveira IvoUAE Team Emirates - XRG,UAE Team Emirates - XRG,"","",2025-10-26 18:10:41
tour-of-guangxi,2025,5,Stage 5,Normal stage,18/10,60,Davy ClémentGroupama - FDJ,Groupama - FDJ,"","",2025-10-26 18:10:41
tour-of-guangxi,2025,5,Stage 5,Normal stage,18/10,61,Schultz NickIsrael - Premier Tech,Israel - Premier Tech,"","",2025-10-26 18:10:41
tour-of-guangxi,2025,5,Stage 5,Normal stage,18/10,62,Colleoni KevinIntermarché - Wanty,Intermarché - Wanty,"","",2025-10-26 18:10:41
tour-of-guangxi,2025,5,Stage 5,Normal stage,18/10,63,Maas JanCofidis,Cofidis,"","",2025-10-26 18:10:41
tour-of-guangxi,2025,5,Stage 5,Normal stage,18/10,64,Paquot Tom Intermarché - Wanty,Intermarché - Wanty,"","",2025-10-26 18:10:41
tour-of-guangxi,2025,5,Stage 5,Normal stage,18/10,65,Leijnse EnzoTeam Picnic PostNL,Team Picnic PostNL,"","",2025-10-26 18:10:41
tour-of-guangxi,2025,5,Stage 5,Normal stage,18/10,66,Paasschens MathijsBahrain - Victorious,Bahrain - Victorious,"","",2025-10-26 18:10:41
tour-of-guangxi,2025,5,Stage 5,Normal stage,18/10,67,Geniets KevinGroupama - FDJ,Groupama - FDJ,"","",2025-10-26 18:10:41
tour-of-guangxi,2025,5,Stage 5,Normal stage,18/10,68,Magnier PaulSoudal Quick-Step,Soudal Quick-Step,"","",2025-10-26 18:10:41
tour-of-guangxi,2025,5,Stage 5,Normal stage,18/10,69,Lozouet LéandreArkéa - B&B Hotels,Arkéa - B&B Hotels,"","",2025-10-26 18:10:41
tour-of-guangxi,2025,5,Stage 5,Normal stage,18/10,70,Zhang RongqiChina,China,"","",2025-10-26 18:10:41
tour-of-guangxi,2025,5,Stage 5,Normal stage,18/10,71,Dewulf StanDecathlon AG2R La Mondiale Team,Decathlon AG2R La Mondiale Team,"","",2025-10-26 18:10:41
tour-of-guangxi,2025,5,Stage 5,Normal stage,18/10,72,van den Berg MarijnEF Education - EasyPost,EF Education - EasyPost,"","",2025-10-26 18:10:41
tour-of-guangxi,2025,5,Stage 5,Normal stage,18/10,73,Debeaumarché NicolasCofidis,Cofidis,"","",2025-10-26 18:10:41
tour-of-guangxi,2025,5,Stage 5,Normal stage,18/10,74,Bittner PavelTeam Picnic PostNLfav_gc,Team Picnic PostNL,"","",2025-10-26 18:10:41
tour-of-guangxi,2025,5,Stage 5,Normal stage,18/10,75,Mullen RyanRed Bull - BORA - hansgrohe,Red Bull - BORA - hansgrohe,"","",2025-10-26 18:10:41
tour-of-guangxi,2025,5,Stage 5,Normal stage,18/10,76,López Juan PedroLidl - Trekfav_gc,Lidl - Trek,"","",2025-10-26 18:10:41
tour-of-guangxi,2025,5,Stage 5,Normal stage,18/10,77,Pasqualon AndreaBahrain - Victorious,Bahrain - Victorious,"","",2025-10-26 18:10:41
tour-of-guangxi,2025,5,Stage 5,Normal stage,18/10,78,Van Hoecke GijsIntermarché - Wanty,Intermarché - Wanty,"","",2025-10-26 18:10:41
tour-of-guangxi,2025,5,Stage 5,Normal stage,18/10,79,Norsgaard Mathias Movistar Team,Movistar Team,"","",2025-10-26 18:10:41
tour-of-guangxi,2025,5,Stage 5,Normal stage,18/10,80,Maciejuk FilipRed Bull - BORA - hansgrohe,Red Bull - BORA - hansgrohe,"","",2025-10-26 18:10:41
tour-of-guangxi,2025,5,Stage 5,Normal stage,18/10,81,De Schuyteneer SteffenLotto,Lotto,"","",2025-10-26 18:10:41
tour-of-guangxi,2025,5,Stage 5,Normal stage,18/10,82,Graat TijmenTeam Visma | Lease a Bike,Team Visma | Lease a Bike,"","",2025-10-26 18:10:41
tour-of-guangxi,2025,5,Stage 5,Normal stage,18/10,83,Donaldson RobertTeam Jayco AlUla,Team Jayco AlUla,"","",2025-10-26 18:10:41
tour-of-guangxi,2025,5,Stage 5,Normal stage,18/10,84,Penhoët PaulGroupama - FDJ,Groupama - FDJ,"","",2025-10-26 18:10:41
tour-of-guangxi,2025,5,Stage 5,Normal stage,18/10,85,Giddings JoshuaLotto,Lotto,"","",2025-10-26 18:10:41
tour-of-guangxi,2025,5,Stage 5,Normal stage,18/10,86,Currie LoganLotto,Lotto,"","",2025-10-26 18:10:41
tour-of-guangxi,2025,5,Stage 5,Normal stage,18/10,87,Walscheid MaxTeam Jayco AlUla,Team Jayco AlUla,"","",2025-10-26 18:10:41
tour-of-guangxi,2025,5,Stage 5,Normal stage,18/10,88,Doull OwainEF Education - EasyPost,EF Education - EasyPost,"","",2025-10-26 18:10:41
tour-of-guangxi,2025,5,Stage 5,Normal stage,18/10,89,Walker MaxEF Education - EasyPost,EF Education - EasyPost,"","",2025-10-26 18:10:41
tour-of-guangxi,2025,5,Stage 5,Normal stage,18/10,90,Kanter MaxXDS Astana Team,XDS Astana Team,"","",2025-10-26 18:10:41
tour-of-guangxi,2025,5,Stage 5,Normal stage,18/10,91,Marit ArneIntermarché - Wanty,Intermarché - Wanty,"","",2025-10-26 18:10:41
tour-of-guangxi,2025,5,Stage 5,Normal stage,18/10,92,Guglielmi Simon Arkéa - B&B Hotels,Arkéa - B&B Hotels,"","",2025-10-26 18:10:41
tour-of-guangxi,2025,5,Stage 5,Normal stage,18/10,93,Ries MichelArkéa - B&B Hotels,Arkéa - B&B Hotels,"","",2025-10-26 18:10:41
tour-of-guangxi,2025,5,Stage 5,Normal stage,18/10,94,Leonard MichaelINEOS Grenadiers,INEOS Grenadiers,"","",2025-10-26 18:10:41
tour-of-guangxi,2025,5,Stage 5,Normal stage,18/10,95,Valgren MichaelEF Education - EasyPost,EF Education - EasyPost,"","",2025-10-26 18:10:41
tour-of-guangxi,2025,5,Stage 5,Normal stage,18/10,96,Meeus JordiRed Bull - BORA - hansgrohe,Red Bull - BORA - hansgrohe,"","",2025-10-26 18:10:41
tour-of-guangxi,2025,5,Stage 5,Normal stage,18/10,97,Mezgec LukaTeam Jayco AlUla,Team Jayco AlUla,"","",2025-10-26 18:10:41
tour-of-guangxi,2025,5,Stage 5,Normal stage,18/10,98,Vangheluwe WarreSoudal Quick-Step,Soudal Quick-Step,"","",2025-10-26 18:10:41
tour-of-guangxi,2025,5,Stage 5,Normal stage,18/10,99,Van Gestel DriesSoudal Quick-Step,Soudal Quick-Step,"","",2025-10-26 18:10:41
tour-of-guangxi,2025,5,Stage 5,Normal stage,18/10,100,Gamper PatrickTeam Jayco AlUla,Team Jayco AlUla,"","",2025-10-26 18:10:41
tour-of-guangxi,2025,5,Stage 5,Normal stage,18/10,101,Gautherat PierreDecathlon AG2R La Mondiale Team,Decathlon AG2R La Mondiale Team,"","",2025-10-26 18:10:41
tour-of-guangxi,2025,5,Stage 5,Normal stage,18/10,102,Li YouChina,China,"","",2025-10-26 18:10:41
tour-of-guangxi,2025,5,Stage 5,Normal stage,18/10,103,Li YuhengChina,China,"","",2025-10-26 18:10:41
tour-of-guangxi,2025,5,Stage 5,Normal stage,18/10,104,Teng GengChina,China,"","",2025-10-26 18:10:41
tour-of-guangxi,2025,5,Stage 5,Normal stage,18/10,105,Einhorn ItamarIsrael - Premier Tech,Israel - Premier Tech,"","",2025-10-26 18:10:41
tour-of-guangxi,2025,5,Stage 5,Normal stage,18/10,106,Aniołkowski StanisławCofidis,Cofidis,"","",2025-10-26 18:10:41
tour-of-guangxi,2025,5,Stage 5,Normal stage,18/10,107,Shmidt ArtemINEOS Grenadiers,INEOS Grenadiers,"","",2025-10-26 18:10:41
tour-of-guangxi,2025,5,Stage 5,Normal stage,18/10,108,Bower LewisGroupama - FDJ,Groupama - FDJ,"","",2025-10-26 18:10:41
tour-of-guangxi,2025,5,Stage 5,Normal stage,18/10,109,Naberman TimTeam Picnic PostNL,Team Picnic PostNL,"","",2025-10-26 18:10:41
tour-of-guangxi,2025,5,Stage 5,Normal stage,18/10,110,Skerl DanielBahrain - Victorious,Bahrain - Victorious,"","",2025-10-26 18:10:41
tour-of-guangxi,2025,5,Stage 5,Normal stage,18/10,111,van Uden CasperTeam Picnic PostNL,Team Picnic PostNL,"","",2025-10-26 18:10:41
tour-of-guangxi,2025,5,Stage 5,Normal stage,18/10,112,Černý JosefSoudal Quick-Step,Soudal Quick-Step,"","",2025-10-26 18:10:41
tour-of-guangxi,2025,5,Stage 5,Normal stage,18/10,113,Gaviria FernandoMovistar Team,Movistar Team,"","",2025-10-26 18:10:41
tour-of-guangxi,2025,5,Stage 5,Normal stage,18/10,114,Cimolai DavideMovistar Team,Movistar Team,"","",2025-10-26 18:10:41
tour-of-guangxi,2025,5,Stage 5,Normal stage,18/10,115,Pickrell RileyIsrael - Premier Tech,Israel - Premier Tech,"","",2025-10-26 18:10:41
tour-of-guangxi,2025,5,Stage 5,Normal stage,18/10,116,Kogut OdedIsrael - Premier Tech,Israel - Premier Tech,"","",2025-10-26 18:10:41
tour-of-guangxi,2025,5,Stage 5,Normal stage,18/10,117,Paret-Peintre AurélienDecathlon AG2R La Mondiale Teamfav_gc,Decathlon AG2R La Mondiale Team,"","",2025-10-26 18:10:41
tour-of-guangxi,2025,5,Stage 5,Normal stage,18/10,118,Pedersen Rasmus SøjbergDecathlon AG2R La Mondiale Team,Decathlon AG2R La Mondiale Team,"","",2025-10-26 18:10:41
tour-of-guangxi,2025,5,Stage 5,Normal stage,18/10,119,Oliveira RuiUAE Team Emirates - XRG,UAE Team Emirates - XRG,"","",2025-10-26 18:10:41
tour-of-guangxi,2025,5,Stage 5,Normal stage,18/10,120,Behrens NiklasTeam Visma | Lease a Bike,Team Visma | Lease a Bike,"","",2025-10-26 18:10:41
tour-of-guangxi,2025,5,Stage 5,Normal stage,18/10,121,Warlop JordiSoudal Quick-Step,Soudal Quick-Step,"","",2025-10-26 18:10:41
tour-of-guangxi,2025,5,Stage 5,Normal stage,18/10,122,Allegaert PietCofidis,Cofidis,"","",2025-10-26 18:10:41
tour-of-guangxi,2025,5,Stage 5,Normal stage,18/10,123,Yu JiaqingChina,China,"","",2025-10-26 18:10:41
tour-of-guangxi,2025,5,Stage 5,Normal stage,18/10,124,Shen YutaoChina,China,"","",2025-10-26 18:10:41
tour-of-guangxi,2025,5,Stage 5,Normal stage,18/10,125,Johansen JuliusUAE Team Emirates - XRG,UAE Team Emirates - XRG,"","",2025-10-26 18:10:41
tour-of-guangxi,2025,5,Stage 5,Normal stage,18/10,DNS,Bauhaus PhilBahrain - Victorious,Bahrain - Victorious,"","",2025-10-26 18:10:41
tour-of-guangxi,2025,6,Stage 6,Normal stage,19/10,1,Magnier PaulSoudal Quick-Step,Soudal Quick-Step,40,50,2025-10-26 18:10:41
tour-of-guangxi,2025,6,Stage 6,Normal stage,19/10,2,Aniołkowski StanisławCofidis,Cofidis,25,30,2025-10-26 18:10:41
tour-of-guangxi,2025,6,Stage 6,Normal stage,19/10,3,Penhoët PaulGroupama - FDJ,Groupama - FDJ,20,18,2025-10-26 18:10:41
tour-of-guangxi,2025,6,Stage 6,Normal stage,19/10,4,Meeus JordiRed Bull - BORA - hansgrohe,Red Bull - BORA - hansgrohe,15,13,2025-10-26 18:10:41
tour-of-guangxi,2025,6,Stage 6,Normal stage,19/10,5,Oliveira IvoUAE Team Emirates - XRG,UAE Team Emirates - XRG,10,10,2025-10-26 18:10:41
tour-of-guangxi,2025,6,Stage 6,Normal stage,19/10,6,Gautherat PierreDecathlon AG2R La Mondiale Team,Decathlon AG2R La Mondiale Team,8,7,2025-10-26 18:10:41
tour-of-guangxi,2025,6,Stage 6,Normal stage,19/10,7,Pasqualon AndreaBahrain - Victorious,Bahrain - Victorious,6,4,2025-10-26 18:10:41
tour-of-guangxi,2025,6,Stage 6,Normal stage,19/10,8,Pickrell RileyIsrael - Premier Tech,Israel - Premier Tech,3,3,2025-10-26 18:10:41
tour-of-guangxi,2025,6,Stage 6,Normal stage,19/10,9,Nerurkar LukasEF Education - EasyPost,EF Education - EasyPost,2,2,2025-10-26 18:10:41
tour-of-guangxi,2025,6,Stage 6,Normal stage,19/10,10,Eddy PatrickTeam Picnic PostNL,Team Picnic PostNL,1,1,2025-10-26 18:10:41
tour-of-guangxi,2025,6,Stage 6,Normal stage,19/10,11,Adrià RogerRed Bull - BORA - hansgrohe,Red Bull - BORA - hansgrohe,"","",2025-10-26 18:10:41
tour-of-guangxi,2025,6,Stage 6,Normal stage,19/10,12,Heiduk KimINEOS Grenadiers,INEOS Grenadiers,"","",2025-10-26 18:10:41
tour-of-guangxi,2025,6,Stage 6,Normal stage,19/10,13,Le Berre MathisArkéa - B&B Hotels,Arkéa - B&B Hotels,"","",2025-10-26 18:10:41
tour-of-guangxi,2025,6,Stage 6,Normal stage,19/10,14,Slock LiamLotto,Lotto,"","",2025-10-26 18:10:41
tour-of-guangxi,2025,6,Stage 6,Normal stage,19/10,15,Dinham MatthewTeam Picnic PostNL,Team Picnic PostNL,"","",2025-10-26 18:10:41
tour-of-guangxi,2025,6,Stage 6,Normal stage,19/10,16,Colleoni KevinIntermarché - Wanty,Intermarché - Wanty,"","",2025-10-26 18:10:41
tour-of-guangxi,2025,6,Stage 6,Normal stage,19/10,17,Bilbao PelloBahrain - Victoriousfav_gc,Bahrain - Victorious,"","",2025-10-26 18:10:41
tour-of-guangxi,2025,6,Stage 6,Normal stage,19/10,18,Higuita SergioXDS Astana Teamfav_gc,XDS Astana Team,"","",2025-10-26 18:10:41
tour-of-guangxi,2025,6,Stage 6,Normal stage,19/10,19,Mühlberger GregorMovistar Teamfav_gc,Movistar Team,"","",2025-10-26 18:10:41
tour-of-guangxi,2025,6,Stage 6,Normal stage,19/10,20,Currie LoganLotto,Lotto,"","",2025-10-26 18:10:41
tour-of-guangxi,2025,6,Stage 6,Normal stage,19/10,21,Hatherly AlanTeam Jayco AlUla,Team Jayco AlUla,"","",2025-10-26 18:10:41
tour-of-guangxi,2025,6,Stage 6,Normal stage,19/10,22,Geoghegan Hart TaoLidl - Trek,Lidl - Trek,"","",2025-10-26 18:10:41
tour-of-guangxi,2025,6,Stage 6,Normal stage,19/10,23,Zwiehoff BenRed Bull - BORA - hansgrohe,Red Bull - BORA - hansgrohe,"","",2025-10-26 18:10:41
tour-of-guangxi,2025,6,Stage 6,Normal stage,19/10,24,Sütterlin JashaTeam Jayco AlUla,Team Jayco AlUla,"","",2025-10-26 18:10:41
tour-of-guangxi,2025,6,Stage 6,Normal stage,19/10,25,van den Broek FrankTeam Picnic PostNL,Team Picnic PostNL,"","",2025-10-26 18:10:41
tour-of-guangxi,2025,6,Stage 6,Normal stage,19/10,26,Paleni EnzoGroupama - FDJ,Groupama - FDJ,"","",2025-10-26 18:10:41
tour-of-guangxi,2025,6,Stage 6,Normal stage,19/10,27,Bonneu KamielIntermarché - Wanty,Intermarché - Wanty,"","",2025-10-26 18:10:41
tour-of-guangxi,2025,6,Stage 6,Normal stage,19/10,28,Huby AntoineSoudal Quick-Step,Soudal Quick-Step,"","",2025-10-26 18:10:41
tour-of-guangxi,2025,6,Stage 6,Normal stage,19/10,29,Honoré Mikkel FrølichEF Education - EasyPost,EF Education - EasyPost,"","",2025-10-26 18:10:41
tour-of-guangxi,2025,6,Stage 6,Normal stage,19/10,30,Hajek AlexanderRed Bull - BORA - hansgrohe,Red Bull - BORA - hansgrohe,"","",2025-10-26 18:10:41
tour-of-guangxi,2025,6,Stage 6,Normal stage,19/10,31,Uijtdebroeks CianTeam Visma | Lease a Bikefav_gc,Team Visma | Lease a Bike,"","",2025-10-26 18:10:41
tour-of-guangxi,2025,6,Stage 6,Normal stage,19/10,32,Nordhagen JørgenTeam Visma | Lease a Bike,Team Visma | Lease a Bike,"","",2025-10-26 18:10:41
tour-of-guangxi,2025,6,Stage 6,Normal stage,19/10,33,Raisberg NadavIsrael - Premier Tech,Israel - Premier Tech,"","",2025-10-26 18:10:41
tour-of-guangxi,2025,6,Stage 6,Normal stage,19/10,34,Lafay VictorDecathlon AG2R La Mondiale Team,Decathlon AG2R La Mondiale Team,"","",2025-10-26 18:10:41
tour-of-guangxi,2025,6,Stage 6,Normal stage,19/10,35,Øxenberg Peter INEOS Grenadiers,INEOS Grenadiers,"","",2025-10-26 18:10:41
tour-of-guangxi,2025,6,Stage 6,Normal stage,19/10,36,Ries MichelArkéa - B&B Hotels,Arkéa - B&B Hotels,"","",2025-10-26 18:10:41
tour-of-guangxi,2025,6,Stage 6,Normal stage,19/10,37,Moniquet SylvainCofidis,Cofidis,"","",2025-10-26 18:10:41
tour-of-guangxi,2025,6,Stage 6,Normal stage,19/10,38,Oomen SamLidl - Trek,Lidl - Trek,"","",2025-10-26 18:10:41
tour-of-guangxi,2025,6,Stage 6,Normal stage,19/10,39,August AndrewINEOS Grenadiers,INEOS Grenadiers,"","",2025-10-26 18:10:41
tour-of-guangxi,2025,6,Stage 6,Normal stage,19/10,40,Narváez JhonatanUAE Team Emirates - XRGfav_gc,UAE Team Emirates - XRG,"","",2025-10-26 18:10:41
tour-of-guangxi,2025,6,Stage 6,Normal stage,19/10,41,Double PaulTeam Jayco AlUlafav_gc,Team Jayco AlUla,"","",2025-10-26 18:10:41
tour-of-guangxi,2025,6,Stage 6,Normal stage,19/10,42,Sepúlveda EduardoLotto,Lotto,"","",2025-10-26 18:10:41
tour-of-guangxi,2025,6,Stage 6,Normal stage,19/10,43,Graat TijmenTeam Visma | Lease a Bike,Team Visma | Lease a Bike,"","",2025-10-26 18:10:41
tour-of-guangxi,2025,6,Stage 6,Normal stage,19/10,44,Charmig AnthonXDS Astana Team,XDS Astana Team,"","",2025-10-26 18:10:41
tour-of-guangxi,2025,6,Stage 6,Normal stage,19/10,45,Beloki MarkelEF Education - EasyPost,EF Education - EasyPost,"","",2025-10-26 18:10:41
tour-of-guangxi,2025,6,Stage 6,Normal stage,19/10,46,Rochas RémyGroupama - FDJ,Groupama - FDJ,"","",2025-10-26 18:10:41
tour-of-guangxi,2025,6,Stage 6,Normal stage,19/10,47,Gloag ThomasTeam Visma | Lease a Bike,Team Visma | Lease a Bike,"","",2025-10-26 18:10:41
tour-of-guangxi,2025,6,Stage 6,Normal stage,19/10,48,Arrieta IgorUAE Team Emirates - XRG,UAE Team Emirates - XRG,"","",2025-10-26 18:10:41
tour-of-guangxi,2025,6,Stage 6,Normal stage,19/10,49,Raccagni Noviero AndreaSoudal Quick-Step,Soudal Quick-Step,"","",2025-10-26 18:10:41
tour-of-guangxi,2025,6,Stage 6,Normal stage,19/10,50,Schultz NickIsrael - Premier Tech,Israel - Premier Tech,"","",2025-10-26 18:10:41
tour-of-guangxi,2025,6,Stage 6,Normal stage,19/10,51,Craps LarsLotto,Lotto,"","",2025-10-26 18:10:41
tour-of-guangxi,2025,6,Stage 6,Normal stage,19/10,52,Peters Nans Decathlon AG2R La Mondiale Team,Decathlon AG2R La Mondiale Team,"","",2025-10-26 18:10:41
tour-of-guangxi,2025,6,Stage 6,Normal stage,19/10,53,Thompson Reuben Lotto,Lotto,"","",2025-10-26 18:10:41
tour-of-guangxi,2025,6,Stage 6,Normal stage,19/10,54,Geniets KevinGroupama - FDJ,Groupama - FDJ,"","",2025-10-26 18:10:41
tour-of-guangxi,2025,6,Stage 6,Normal stage,19/10,55,Rouland LouisArkéa - B&B Hotels,Arkéa - B&B Hotels,"","",2025-10-26 18:10:41
tour-of-guangxi,2025,6,Stage 6,Normal stage,19/10,56,Masnada FaustoXDS Astana Team,XDS Astana Team,"","",2025-10-26 18:10:41
tour-of-guangxi,2025,6,Stage 6,Normal stage,19/10,57,Leonard MichaelINEOS Grenadiers,INEOS Grenadiers,"","",2025-10-26 18:10:41
tour-of-guangxi,2025,6,Stage 6,Normal stage,19/10,58,Van Gestel DriesSoudal Quick-Step,Soudal Quick-Step,"","",2025-10-26 18:10:41
tour-of-guangxi,2025,6,Stage 6,Normal stage,19/10,59,Christen JanUAE Team Emirates - XRGfav_gc,UAE Team Emirates - XRG,"","",2025-10-26 18:10:41
tour-of-guangxi,2025,6,Stage 6,Normal stage,19/10,60,Dewulf StanDecathlon AG2R La Mondiale Team,Decathlon AG2R La Mondiale Team,"","",2025-10-26 18:10:41
tour-of-guangxi,2025,6,Stage 6,Normal stage,19/10,61,Oliveira RuiUAE Team Emirates - XRG,UAE Team Emirates - XRG,"","",2025-10-26 18:10:41
tour-of-guangxi,2025,6,Stage 6,Normal stage,19/10,62,Davy Clément Groupama - FDJ,Groupama - FDJ,"","",2025-10-26 18:10:41
tour-of-guangxi,2025,6,Stage 6,Normal stage,19/10,63,Costiou Ewen Arkéa - B&B Hotelsfav_gc,Arkéa - B&B Hotels,"","",2025-10-26 18:10:41
tour-of-guangxi,2025,6,Stage 6,Normal stage,19/10,64,Gibbons RyanLidl - Trek,Lidl - Trek,"","",2025-10-26 18:10:41
tour-of-guangxi,2025,6,Stage 6,Normal stage,19/10,65,Paasschens MathijsBahrain - Victorious,Bahrain - Victorious,"","",2025-10-26 18:10:41
tour-of-guangxi,2025,6,Stage 6,Normal stage,19/10,66,De Schuyteneer SteffenLotto,Lotto,"","",2025-10-26 18:10:41
tour-of-guangxi,2025,6,Stage 6,Normal stage,19/10,67,Černý JosefSoudal Quick-Step,Soudal Quick-Step,"","",2025-10-26 18:10:41
tour-of-guangxi,2025,6,Stage 6,Normal stage,19/10,68,Maciejuk FilipRed Bull - BORA - hansgrohe,Red Bull - BORA - hansgrohe,"","",2025-10-26 18:10:41
tour-of-guangxi,2025,6,Stage 6,Normal stage,19/10,69,Giddings JoshuaLotto,Lotto,"","",2025-10-26 18:10:41
tour-of-guangxi,2025,6,Stage 6,Normal stage,19/10,70,Maas JanCofidis,Cofidis,"","",2025-10-26 18:10:41
tour-of-guangxi,2025,6,Stage 6,Normal stage,19/10,71,Großschartner FelixUAE Team Emirates - XRGfav_gc,UAE Team Emirates - XRG,"","",2025-10-26 18:10:41
tour-of-guangxi,2025,6,Stage 6,Normal stage,19/10,72,Buchmann EmanuelCofidisfav_gc,Cofidis,"","",2025-10-26 18:10:41
tour-of-guangxi,2025,6,Stage 6,Normal stage,19/10,73,Debeaumarché NicolasCofidis,Cofidis,"","",2025-10-26 18:10:41
tour-of-guangxi,2025,6,Stage 6,Normal stage,19/10,74,Bittner PavelTeam Picnic PostNLfav_gc,Team Picnic PostNL,"","",2025-10-26 18:10:41
tour-of-guangxi,2025,6,Stage 6,Normal stage,19/10,75,Behrens NiklasTeam Visma | Lease a Bike,Team Visma | Lease a Bike,"","",2025-10-26 18:10:41
tour-of-guangxi,2025,6,Stage 6,Normal stage,19/10,76,Marit ArneIntermarché - Wanty,Intermarché - Wanty,"","",2025-10-26 18:10:41
tour-of-guangxi,2025,6,Stage 6,Normal stage,19/10,77,Van Hoecke GijsIntermarché - Wanty,Intermarché - Wanty,"","",2025-10-26 18:10:41
tour-of-guangxi,2025,6,Stage 6,Normal stage,19/10,78,Valter AttilaTeam Visma | Lease a Bike,Team Visma | Lease a Bike,"","",2025-10-26 18:10:41
tour-of-guangxi,2025,6,Stage 6,Normal stage,19/10,79,Busatto FrancescoIntermarché - Wanty,Intermarché - Wanty,"","",2025-10-26 18:10:41
tour-of-guangxi,2025,6,Stage 6,Normal stage,19/10,80,Rodríguez ÓscarINEOS Grenadiers,INEOS Grenadiers,"","",2025-10-26 18:10:41
tour-of-guangxi,2025,6,Stage 6,Normal stage,19/10,81,Leijnse EnzoTeam Picnic PostNL,Team Picnic PostNL,"","",2025-10-26 18:10:41
tour-of-guangxi,2025,6,Stage 6,Normal stage,19/10,82,Kanter MaxXDS Astana Team,XDS Astana Team,"","",2025-10-26 18:10:41
tour-of-guangxi,2025,6,Stage 6,Normal stage,19/10,83,Guglielmi SimonArkéa - B&B Hotels,Arkéa - B&B Hotels,"","",2025-10-26 18:10:41
tour-of-guangxi,2025,6,Stage 6,Normal stage,19/10,84,Pedrero AntonioMovistar Team,Movistar Team,"","",2025-10-26 18:10:41
tour-of-guangxi,2025,6,Stage 6,Normal stage,19/10,85,Ermakov RomanBahrain - Victorious,Bahrain - Victorious,"","",2025-10-26 18:10:41
tour-of-guangxi,2025,6,Stage 6,Normal stage,19/10,86,Einhorn ItamarIsrael - Premier Tech,Israel - Premier Tech,"","",2025-10-26 18:10:41
tour-of-guangxi,2025,6,Stage 6,Normal stage,19/10,87,Naberman TimTeam Picnic PostNL,Team Picnic PostNL,"","",2025-10-26 18:10:41
tour-of-guangxi,2025,6,Stage 6,Normal stage,19/10,88,van Uden CasperTeam Picnic PostNL,Team Picnic PostNL,"","",2025-10-26 18:10:41
tour-of-guangxi,2025,6,Stage 6,Normal stage,19/10,89,Li YuhengChina,China,"","",2025-10-26 18:10:41
tour-of-guangxi,2025,6,Stage 6,Normal stage,19/10,90,Herrada JesúsCofidis,Cofidis,"","",2025-10-26 18:10:41
tour-of-guangxi,2025,6,Stage 6,Normal stage,19/10,91,Lozouet Léandre Arkéa - B&B Hotels,Arkéa - B&B Hotels,"","",2025-10-26 18:10:41
tour-of-guangxi,2025,6,Stage 6,Normal stage,19/10,92,López Juan PedroLidl - Trekfav_gc,Lidl - Trek,"","",2025-10-26 18:10:41
tour-of-guangxi,2025,6,Stage 6,Normal stage,19/10,93,Donaldson RobertTeam Jayco AlUla,Team Jayco AlUla,"","",2025-10-26 18:10:41
tour-of-guangxi,2025,6,Stage 6,Normal stage,19/10,94,Cimolai DavideMovistar Team,Movistar Team,"","",2025-10-26 18:10:41
tour-of-guangxi,2025,6,Stage 6,Normal stage,19/10,95,Gaviria FernandoMovistar Team,Movistar Team,"","",2025-10-26 18:10:41
tour-of-guangxi,2025,6,Stage 6,Normal stage,19/10,96,Walscheid MaxTeam Jayco AlUla,Team Jayco AlUla,"","",2025-10-26 18:10:41
tour-of-guangxi,2025,6,Stage 6,Normal stage,19/10,97,Gamper PatrickTeam Jayco AlUla,Team Jayco AlUla,"","",2025-10-26 18:10:41
tour-of-guangxi,2025,6,Stage 6,Normal stage,19/10,98,Kogut OdedIsrael - Premier Tech,Israel - Premier Tech,"","",2025-10-26 18:10:41
tour-of-guangxi,2025,6,Stage 6,Normal stage,19/10,99,Pedersen Rasmus SøjbergDecathlon AG2R La Mondiale Team,Decathlon AG2R La Mondiale Team,"","",2025-10-26 18:10:41
tour-of-guangxi,2025,6,Stage 6,Normal stage,19/10,100,Shmidt ArtemINEOS Grenadiers,INEOS Grenadiers,"","",2025-10-26 18:10:41
tour-of-guangxi,2025,6,Stage 6,Normal stage,19/10,101,van den Berg MarijnEF Education - EasyPost,EF Education - EasyPost,"","",2025-10-26 18:10:41
tour-of-guangxi,2025,6,Stage 6,Normal stage,19/10,102,Valgren MichaelEF Education - EasyPost,EF Education - EasyPost,"","",2025-10-26 18:10:41
tour-of-guangxi,2025,6,Stage 6,Normal stage,19/10,103,Johansen JuliusUAE Team Emirates - XRG,UAE Team Emirates - XRG,"","",2025-10-26 18:10:41
tour-of-guangxi,2025,6,Stage 6,Normal stage,19/10,104,Norsgaard MathiasMovistar Team,Movistar Team,"","",2025-10-26 18:10:41
tour-of-guangxi,2025,6,Stage 6,Normal stage,19/10,105,Mullen RyanRed Bull - BORA - hansgrohe,Red Bull - BORA - hansgrohe,"","",2025-10-26 18:10:41
tour-of-guangxi,2025,6,Stage 6,Normal stage,19/10,106,Mezgec LukaTeam Jayco AlUla,Team Jayco AlUla,"","",2025-10-26 18:10:41
tour-of-guangxi,2025,6,Stage 6,Normal stage,19/10,107,Doull OwainEF Education - EasyPost,EF Education - EasyPost,"","",2025-10-26 18:10:41
tour-of-guangxi,2025,6,Stage 6,Normal stage,19/10,108,Paquot TomIntermarché - Wanty,Intermarché - Wanty,"","",2025-10-26 18:10:41
tour-of-guangxi,2025,6,Stage 6,Normal stage,19/10,109,Su HaoyuXDS Astana Team,XDS Astana Team,"","",2025-10-26 18:10:41
tour-of-guangxi,2025,6,Stage 6,Normal stage,19/10,110,Allegaert PietCofidis,Cofidis,"","",2025-10-26 18:10:41
tour-of-guangxi,2025,6,Stage 6,Normal stage,19/10,111,Teng GengChina,China,"","",2025-10-26 18:10:41
tour-of-guangxi,2025,6,Stage 6,Normal stage,19/10,112,Skerl DanielBahrain - Victorious,Bahrain - Victorious,"","",2025-10-26 18:10:41
tour-of-guangxi,2025,6,Stage 6,Normal stage,19/10,113,van der Meulen MaxBahrain - Victorious,Bahrain - Victorious,"","",2025-10-26 18:10:41
tour-of-guangxi,2025,6,Stage 6,Normal stage,19/10,114,Paret-Peintre AurélienDecathlon AG2R La Mondiale Teamfav_gc,Decathlon AG2R La Mondiale Team,"","",2025-10-26 18:10:41
tour-of-guangxi,2025,6,Stage 6,Normal stage,19/10,115,Bower LewisGroupama - FDJ,Groupama - FDJ,"","",2025-10-26 18:10:41
tour-of-guangxi,2025,6,Stage 6,Normal stage,19/10,116,Walker MaxEF Education - EasyPost,EF Education - EasyPost,"","",2025-10-26 18:10:41
tour-of-guangxi,2025,6,Stage 6,Normal stage,19/10,117,Faure Prost AlexyIntermarché - Wanty,Intermarché - Wanty,"","",2025-10-26 18:10:41
tour-of-guangxi,2025,6,Stage 6,Normal stage,19/10,118,Yu JiaqingChina,China,"","",2025-10-26 18:10:41
tour-of-guangxi,2025,6,Stage 6,Normal stage,19/10,119,Li YouChina,China,"","",2025-10-26 18:10:41
tour-of-guangxi,2025,6,Stage 6,Normal stage,19/10,120,Pescador DiegoMovistar Team,Movistar Team,"","",2025-10-26 18:10:41
tour-of-guangxi,2025,6,Stage 6,Normal stage,19/10,121,Shen YutaoChina,China,"","",2025-10-26 18:10:41
tour-of-guangxi,2025,6,Stage 6,Normal stage,19/10,122,Zhang RongqiChina,China,"","",2025-10-26 18:10:41
tour-of-guangxi,2025,6,Stage 6,Normal stage,19/10,DNF,Warlop JordiSoudal Quick-Step,Soudal Quick-Step,"","",2025-10-26 18:10:41
tour-of-guangxi,2025,6,Stage 6,Normal stage,19/10,DNF,Vangheluwe WarreSoudal Quick-Step,Soudal Quick-Step,"","",2025-10-26 18:10:41
tour-of-guangxi,2025,6,Stage 6,Normal stage,19/10,DNF,Wandahl FrederikRed Bull - BORA - hansgrohe,Red Bull - BORA - hansgrohe,"","",2025-10-26 18:10:41
tour-of-guangxi,2025,99,GC,GC,"",1,Double PaulTeam Jayco AlUlafav_gc,Team Jayco AlUla,300,250,2025-10-26 18:10:41
tour-of-guangxi,2025,99,GC,GC,"",2,Lafay VictorDecathlon AG2R La Mondiale Team,Decathlon AG2R La Mondiale Team,250,190,2025-10-26 18:10:41
tour-of-guangxi,2025,99,GC,GC,"",3,Narváez JhonatanUAE Team Emirates - XRGfav_gc,UAE Team Emirates - XRG,215,160,2025-10-26 18:10:41
tour-of-guangxi,2025,99,GC,GC,"",4,Honoré Mikkel FrølichEF Education - EasyPost,EF Education - EasyPost,175,140,2025-10-26 18:10:41
tour-of-guangxi,2025,99,GC,GC,"",5,Nordhagen JørgenTeam Visma | Lease a Bike,Team Visma | Lease a Bike,120,120,2025-10-26 18:10:41
tour-of-guangxi,2025,99,GC,GC,"",6,Uijtdebroeks CianTeam Visma | Lease a Bikefav_gc,Team Visma | Lease a Bike,115,110,2025-10-26 18:10:41
tour-of-guangxi,2025,99,GC,GC,"",7,Bonneu KamielIntermarché - Wanty,Intermarché - Wanty,95,100,2025-10-26 18:10:41
tour-of-guangxi,2025,99,GC,GC,"",8,Bilbao PelloBahrain - Victoriousfav_gc,Bahrain - Victorious,75,90,2025-10-26 18:10:41
tour-of-guangxi,2025,99,GC,GC,"",9,Zwiehoff BenRed Bull - BORA - hansgrohe,Red Bull - BORA - hansgrohe,60,80,2025-10-26 18:10:41
tour-of-guangxi,2025,99,GC,GC,"",10,Nerurkar LukasEF Education - EasyPost,EF Education - EasyPost,50,70,2025-10-26 18:10:41
tour-of-guangxi,2025,99,GC,GC,"",11,Geoghegan Hart TaoLidl - Trek,Lidl - Trek,40,60,2025-10-26 18:10:41
tour-of-guangxi,2025,99,GC,GC,"",12,Huby AntoineSoudal Quick-Step,Soudal Quick-Step,35,55,2025-10-26 18:10:41
tour-of-guangxi,2025,99,GC,GC,"",13,Rochas RémyGroupama - FDJ,Groupama - FDJ,30,50,2025-10-26 18:10:41
tour-of-guangxi,2025,99,GC,GC,"",14,Mühlberger GregorMovistar Teamfav_gc,Movistar Team,25,45,2025-10-26 18:10:41
tour-of-guangxi,2025,99,GC,GC,"",15,Craps LarsLotto,Lotto,20,40,2025-10-26 18:10:41
tour-of-guangxi,2025,99,GC,GC,"",16,van den Broek FrankTeam Picnic PostNL,Team Picnic PostNL,20,36,2025-10-26 18:10:41
tour-of-guangxi,2025,99,GC,GC,"",17,Hatherly AlanTeam Jayco AlUla,Team Jayco AlUla,20,32,2025-10-26 18:10:41
tour-of-guangxi,2025,99,GC,GC,"",18,Christen JanUAE Team Emirates - XRGfav_gc,UAE Team Emirates - XRG,20,28,2025-10-26 18:10:41
tour-of-guangxi,2025,99,GC,GC,"",19,Moniquet SylvainCofidis,Cofidis,20,24,2025-10-26 18:10:41
tour-of-guangxi,2025,99,GC,GC,"",20,Sepúlveda EduardoLotto,Lotto,20,20,2025-10-26 18:10:41
tour-of-guangxi,2025,99,GC,GC,"",21,Paleni EnzoGroupama - FDJ,Groupama - FDJ,12,18,2025-10-26 18:10:41
tour-of-guangxi,2025,99,GC,GC,"",22,Rouland LouisArkéa - B&B Hotels,Arkéa - B&B Hotels,12,16,2025-10-26 18:10:41
tour-of-guangxi,2025,99,GC,GC,"",23,August AndrewINEOS Grenadiers,INEOS Grenadiers,12,14,2025-10-26 18:10:41
tour-of-guangxi,2025,99,GC,GC,"",24,Peters NansDecathlon AG2R La Mondiale Team,Decathlon AG2R La Mondiale Team,12,12,2025-10-26 18:10:41
tour-of-guangxi,2025,99,GC,GC,"",25,Higuita SergioXDS Astana Teamfav_gc,XDS Astana Team,12,10,2025-10-26 18:10:41
tour-of-guangxi,2025,99,GC,GC,"",26,Gloag ThomasTeam Visma | Lease a Bike,Team Visma | Lease a Bike,12,9,2025-10-26 18:10:41
tour-of-guangxi,2025,99,GC,GC,"",27,Raccagni Noviero AndreaSoudal Quick-Step,Soudal Quick-Step,12,8,2025-10-26 18:10:41
tour-of-guangxi,2025,99,GC,GC,"",28,Hajek AlexanderRed Bull - BORA - hansgrohe,Red Bull - BORA - hansgrohe,12,7,2025-10-26 18:10:41
tour-of-guangxi,2025,99,GC,GC,"",29,Thompson ReubenLotto,Lotto,12,6,2025-10-26 18:10:41
tour-of-guangxi,2025,99,GC,GC,"",30,Øxenberg Peter INEOS Grenadiers,INEOS Grenadiers,12,5,2025-10-26 18:10:41
tour-of-guangxi,2025,99,GC,GC,"",31,Oomen SamLidl - Trek,Lidl - Trek,5,5,2025-10-26 18:10:41
tour-of-guangxi,2025,99,GC,GC,"",32,Dinham MatthewTeam Picnic PostNL,Team Picnic PostNL,5,5,2025-10-26 18:10:41
tour-of-guangxi,2025,99,GC,GC,"",33,Charmig AnthonXDS Astana Team,XDS Astana Team,5,5,2025-10-26 18:10:41
tour-of-guangxi,2025,99,GC,GC,"",34,Le Berre MathisArkéa - B&B Hotels,Arkéa - B&B Hotels,5,5,2025-10-26 18:10:41
tour-of-guangxi,2025,99,GC,GC,"",35,Masnada FaustoXDS Astana Team,XDS Astana Team,5,5,2025-10-26 18:10:41
tour-of-guangxi,2025,99,GC,GC,"",36,Raisberg NadavIsrael - Premier Tech,Israel - Premier Tech,5,5,2025-10-26 18:10:41
tour-of-guangxi,2025,99,GC,GC,"",37,Arrieta IgorUAE Team Emirates - XRG,UAE Team Emirates - XRG,5,5,2025-10-26 18:10:41
tour-of-guangxi,2025,99,GC,GC,"",38,Eddy PatrickTeam Picnic PostNL,Team Picnic PostNL,5,5,2025-10-26 18:10:41
tour-of-guangxi,2025,99,GC,GC,"",39,Heiduk KimINEOS Grenadiers,INEOS Grenadiers,5,5,2025-10-26 18:10:41
tour-of-guangxi,2025,99,GC,GC,"",40,Adrià RogerRed Bull - BORA - hansgrohe,Red Bull - BORA - hansgrohe,5,5,2025-10-26 18:10:41
tour-of-guangxi,2025,99,GC,GC,"",41,Sütterlin JashaTeam Jayco AlUla,Team Jayco AlUla,5,5,2025-10-26 18:10:41
tour-of-guangxi,2025,99,GC,GC,"",42,Beloki MarkelEF Education - EasyPost,EF Education - EasyPost,5,5,2025-10-26 18:10:41
tour-of-guangxi,2025,99,GC,GC,"",43,Slock LiamLotto,Lotto,5,5,2025-10-26 18:10:41
tour-of-guangxi,2025,99,GC,GC,"",44,Großschartner FelixUAE Team Emirates - XRGfav_gc,UAE Team Emirates - XRG,5,5,2025-10-26 18:10:41
tour-of-guangxi,2025,99,GC,GC,"",45,Oliveira IvoUAE Team Emirates - XRG,UAE Team Emirates - XRG,5,5,2025-10-26 18:10:41
tour-of-guangxi,2025,99,GC,GC,"",46,Colleoni KevinIntermarché - Wanty,Intermarché - Wanty,5,5,2025-10-26 18:10:41
tour-of-guangxi,2025,99,GC,GC,"",47,Schultz NickIsrael - Premier Tech,Israel - Premier Tech,5,5,2025-10-26 18:10:41
tour-of-guangxi,2025,99,GC,GC,"",48,Pedrero AntonioMovistar Team,Movistar Team,5,5,2025-10-26 18:10:41
tour-of-guangxi,2025,99,GC,GC,"",49,Costiou EwenArkéa - B&B Hotelsfav_gc,Arkéa - B&B Hotels,5,5,2025-10-26 18:10:41
tour-of-guangxi,2025,99,GC,GC,"",50,Gibbons RyanLidl - Trek,Lidl - Trek,5,5,2025-10-26 18:10:41
tour-of-guangxi,2025,99,GC,GC,"",51,Magnier PaulSoudal Quick-Step,Soudal Quick-Step,2,5,2025-10-26 18:10:41
tour-of-guangxi,2025,99,GC,GC,"",52,Buchmann EmanuelCofidisfav_gc,Cofidis,2,5,2025-10-26 18:10:41
tour-of-guangxi,2025,99,GC,GC,"",53,Rodríguez ÓscarINEOS Grenadiers,INEOS Grenadiers,2,5,2025-10-26 18:10:41
tour-of-guangxi,2025,99,GC,GC,"",54,Geniets KevinGroupama - FDJ,Groupama - FDJ,2,5,2025-10-26 18:10:41
tour-of-guangxi,2025,99,GC,GC,"",55,Valter AttilaTeam Visma | Lease a Bike,Team Visma | Lease a Bike,2,5,2025-10-26 18:10:41
tour-of-guangxi,2025,99,GC,GC,"",56,Busatto FrancescoIntermarché - Wanty,Intermarché - Wanty,1,5,2025-10-26 18:10:41
tour-of-guangxi,2025,99,GC,GC,"",57,Dewulf StanDecathlon AG2R La Mondiale Team,Decathlon AG2R La Mondiale Team,1,5,2025-10-26 18:10:41
tour-of-guangxi,2025,99,GC,GC,"",58,Maas JanCofidis,Cofidis,1,5,2025-10-26 18:10:41
tour-of-guangxi,2025,99,GC,GC,"",59,Pasqualon AndreaBahrain - Victorious,Bahrain - Victorious,1,5,2025-10-26 18:10:41
tour-of-guangxi,2025,99,GC,GC,"",60,Paasschens MathijsBahrain - Victorious,Bahrain - Victorious,1,5,2025-10-26 18:10:41
tour-of-guangxi,2025,99,GC,GC,"",61,Graat TijmenTeam Visma | Lease a Bike,Team Visma | Lease a Bike,"",5,2025-10-26 18:10:41
tour-of-guangxi,2025,99,GC,GC,"",62,Davy ClémentGroupama - FDJ,Groupama - FDJ,"",5,2025-10-26 18:10:41
tour-of-guangxi,2025,99,GC,GC,"",63,Penhoët PaulGroupama - FDJ,Groupama - FDJ,"",5,2025-10-26 18:10:41
tour-of-guangxi,2025,99,GC,GC,"",64,Ermakov RomanBahrain - Victorious,Bahrain - Victorious,"",5,2025-10-26 18:10:41
tour-of-guangxi,2025,99,GC,GC,"",65,Bittner PavelTeam Picnic PostNLfav_gc,Team Picnic PostNL,"",5,2025-10-26 18:10:41
tour-of-guangxi,2025,99,GC,GC,"",66,Ries MichelArkéa - B&B Hotels,Arkéa - B&B Hotels,"",5,2025-10-26 18:10:41
tour-of-guangxi,2025,99,GC,GC,"",67,Leonard MichaelINEOS Grenadiers,INEOS Grenadiers,"",5,2025-10-26 18:10:41
tour-of-guangxi,2025,99,GC,GC,"",68,Herrada JesúsCofidis,Cofidis,"",5,2025-10-26 18:10:41
tour-of-guangxi,2025,99,GC,GC,"",69,Van Hoecke GijsIntermarché - Wanty,Intermarché - Wanty,"",5,2025-10-26 18:10:41
tour-of-guangxi,2025,99,GC,GC,"",70,Meeus JordiRed Bull - BORA - hansgrohe,Red Bull - BORA - hansgrohe,"",5,2025-10-26 18:10:41
tour-of-guangxi,2025,99,GC,GC,"",71,Gautherat PierreDecathlon AG2R La Mondiale Team,Decathlon AG2R La Mondiale Team,"",5,2025-10-26 18:10:41
tour-of-guangxi,2025,99,GC,GC,"",72,Van Gestel DriesSoudal Quick-Step,Soudal Quick-Step,"",5,2025-10-26 18:10:41
tour-of-guangxi,2025,99,GC,GC,"",73,De Schuyteneer SteffenLotto,Lotto,"",5,2025-10-26 18:10:41
tour-of-guangxi,2025,99,GC,GC,"",74,Giddings JoshuaLotto,Lotto,"",5,2025-10-26 18:10:41
tour-of-guangxi,2025,99,GC,GC,"",75,Kanter MaxXDS Astana Team,XDS Astana Team,"",5,2025-10-26 18:10:41
tour-of-guangxi,2025,99,GC,GC,"",76,Debeaumarché NicolasCofidis,Cofidis,"",5,2025-10-26 18:10:41
tour-of-guangxi,2025,99,GC,GC,"",77,Maciejuk FilipRed Bull - BORA - hansgrohe,Red Bull - BORA - hansgrohe,"",5,2025-10-26 18:10:41
tour-of-guangxi,2025,99,GC,GC,"",78,Aniołkowski StanisławCofidis,Cofidis,"",5,2025-10-26 18:10:41
tour-of-guangxi,2025,99,GC,GC,"",79,Marit ArneIntermarché - Wanty,Intermarché - Wanty,"",5,2025-10-26 18:10:41
tour-of-guangxi,2025,99,GC,GC,"",80,van der Meulen MaxBahrain - Victorious,Bahrain - Victorious,"",5,2025-10-26 18:10:41
tour-of-guangxi,2025,99,GC,GC,"",81,Pescador DiegoMovistar Team,Movistar Team,"",5,2025-10-26 18:10:41
tour-of-guangxi,2025,99,GC,GC,"",82,Lozouet LéandreArkéa - B&B Hotels,Arkéa - B&B Hotels,"",5,2025-10-26 18:10:41
tour-of-guangxi,2025,99,GC,GC,"",83,Paquot TomIntermarché - Wanty,Intermarché - Wanty,"",5,2025-10-26 18:10:41
tour-of-guangxi,2025,99,GC,GC,"",84,Faure Prost AlexyIntermarché - Wanty,Intermarché - Wanty,"",5,2025-10-26 18:10:41
tour-of-guangxi,2025,99,GC,GC,"",85,van den Berg MarijnEF Education - EasyPost,EF Education - EasyPost,"",5,2025-10-26 18:10:41
tour-of-guangxi,2025,99,GC,GC,"",86,Donaldson RobertTeam Jayco AlUla,Team Jayco AlUla,"",5,2025-10-26 18:10:41
tour-of-guangxi,2025,99,GC,GC,"",87,Currie LoganLotto,Lotto,"",5,2025-10-26 18:10:41
tour-of-guangxi,2025,99,GC,GC,"",88,Mullen RyanRed Bull - BORA - hansgrohe,Red Bull - BORA - hansgrohe,"",5,2025-10-26 18:10:41
tour-of-guangxi,2025,99,GC,GC,"",89,Pickrell RileyIsrael - Premier Tech,Israel - Premier Tech,"",5,2025-10-26 18:10:41
tour-of-guangxi,2025,99,GC,GC,"",90,Guglielmi SimonArkéa - B&B Hotels,Arkéa - B&B Hotels,"",5,2025-10-26 18:10:41
tour-of-guangxi,2025,99,GC,GC,"",91,Norsgaard MathiasMovistar Team,Movistar Team,"",5,2025-10-26 18:10:41
tour-of-guangxi,2025,99,GC,GC,"",92,Einhorn ItamarIsrael - Premier Tech,Israel - Premier Tech,"",5,2025-10-26 18:10:41
tour-of-guangxi,2025,99,GC,GC,"",93,Walscheid MaxTeam Jayco AlUla,Team Jayco AlUla,"",5,2025-10-26 18:10:41
tour-of-guangxi,2025,99,GC,GC,"",94,van Uden CasperTeam Picnic PostNL,Team Picnic PostNL,"",5,2025-10-26 18:10:41
tour-of-guangxi,2025,99,GC,GC,"",95,Doull OwainEF Education - EasyPost,EF Education - EasyPost,"",5,2025-10-26 18:10:41
tour-of-guangxi,2025,99,GC,GC,"",96,Valgren MichaelEF Education - EasyPost,EF Education - EasyPost,"",5,2025-10-26 18:10:41
tour-of-guangxi,2025,99,GC,GC,"",97,Gaviria FernandoMovistar Team,Movistar Team,"",5,2025-10-26 18:10:41
tour-of-guangxi,2025,99,GC,GC,"",98,Behrens NiklasTeam Visma | Lease a Bike,Team Visma | Lease a Bike,"",5,2025-10-26 18:10:41
tour-of-guangxi,2025,99,GC,GC,"",99,Mezgec LukaTeam Jayco AlUla,Team Jayco AlUla,"",5,2025-10-26 18:10:41
tour-of-guangxi,2025,99,GC,GC,"",100,López Juan PedroLidl - Trekfav_gc,Lidl - Trek,"",5,2025-10-26 18:10:41
tour-of-guangxi,2025,99,GC,GC,"",101,Gamper PatrickTeam Jayco AlUla,Team Jayco AlUla,"",5,2025-10-26 18:10:41
tour-of-guangxi,2025,99,GC,GC,"",102,Paret-Peintre AurélienDecathlon AG2R La Mondiale Teamfav_gc,Decathlon AG2R La Mondiale Team,"",5,2025-10-26 18:10:41
tour-of-guangxi,2025,99,GC,GC,"",103,Walker MaxEF Education - EasyPost,EF Education - EasyPost,"",5,2025-10-26 18:10:41
tour-of-guangxi,2025,99,GC,GC,"",104,Pedersen Rasmus SøjbergDecathlon AG2R La Mondiale Team,Decathlon AG2R La Mondiale Team,"",5,2025-10-26 18:10:41
tour-of-guangxi,2025,99,GC,GC,"",105,Cimolai DavideMovistar Team,Movistar Team,"",5,2025-10-26 18:10:41
tour-of-guangxi,2025,99,GC,GC,"",106,Shmidt ArtemINEOS Grenadiers,INEOS Grenadiers,"",5,2025-10-26 18:10:41
tour-of-guangxi,2025,99,GC,GC,"",107,Allegaert PietCofidis,Cofidis,"",5,2025-10-26 18:10:41
tour-of-guangxi,2025,99,GC,GC,"",108,Teng GengChina,China,"",5,2025-10-26 18:10:41
tour-of-guangxi,2025,99,GC,GC,"",109,Su HaoyuXDS Astana Team,XDS Astana Team,"",5,2025-10-26 18:10:41
tour-of-guangxi,2025,99,GC,GC,"",110,Černý JosefSoudal Quick-Step,Soudal Quick-Step,"",5,2025-10-26 18:10:41
tour-of-guangxi,2025,99,GC,GC,"",111,Leijnse EnzoTeam Picnic PostNL,Team Picnic PostNL,"",5,2025-10-26 18:10:41
tour-of-guangxi,2025,99,GC,GC,"",112,Naberman TimTeam Picnic PostNL,Team Picnic PostNL,"",5,2025-10-26 18:10:41
tour-of-guangxi,2025,99,GC,GC,"",113,Skerl DanielBahrain - Victorious,Bahrain - Victorious,"",5,2025-10-26 18:10:41
tour-of-guangxi,2025,99,GC,GC,"",114,Kogut OdedIsrael - Premier Tech,Israel - Premier Tech,"",5,2025-10-26 18:10:41
tour-of-guangxi,2025,99,GC,GC,"",115,Li YuhengChina,China,"",5,2025-10-26 18:10:41
tour-of-guangxi,2025,99,GC,GC,"",116,Li YouChina,China,"",5,2025-10-26 18:10:41
tour-of-guangxi,2025,99,GC,GC,"",117,Oliveira RuiUAE Team Emirates - XRG,UAE Team Emirates - XRG,"",5,2025-10-26 18:10:41
tour-of-guangxi,2025,99,GC,GC,"",118,Bower LewisGroupama - FDJ,Groupama - FDJ,"",5,2025-10-26 18:10:41
tour-of-guangxi,2025,99,GC,GC,"",119,Johansen JuliusUAE Team Emirates - XRG,UAE Team Emirates - XRG,"",5,2025-10-26 18:10:41
tour-of-guangxi,2025,99,GC,GC,"",120,Zhang RongqiChina,China,"",5,2025-10-26 18:10:41
tour-of-guangxi,2025,99,GC,GC,"",121,Shen YutaoChina,China,"",5,2025-10-26 18:10:41
tour-of-guangxi,2025,99,GC,GC,"",122,Yu JiaqingChina,China,"",5,2025-10-26 18:10:41
